"HITId","HITTypeId","Title","Description","Keywords","Reward","CreationTime","MaxAssignments","RequesterAnnotation","AssignmentDurationInSeconds","AutoApprovalDelayInSeconds","Expiration","NumberOfSimilarHITs","LifetimeInSeconds","AssignmentId","WorkerId","AssignmentStatus","AcceptTime","SubmitTime","AutoApprovalTime","ApprovalTime","RejectionTime","RequesterFeedback","WorkTimeInSeconds","LifetimeApprovalRate","Last30DaysApprovalRate","Last7DaysApprovalRate","Input.input_meta","Input.input_text","Input.clarq_meta","Input.clarq_text","Answer.Comments","Answer.answerable_cb","Approve","Reject"
"3EAWOID6MT7QRXPV1PG7S2NTBEH0VV","3TTNVROHECI206X359QNVOLDV352TZ","Is a question a clarification?","Give us your opinion about our products","question answering, QA, clarification","$0.03","Fri Oct 30 17:11:04 PDT 2020","1","BatchId:298515;OriginalHitTemplateId:920937243;","3600","259200","Thu Nov 19 16:11:04 PST 2020","","","3XLBSAQ9Z5MN5CSJDNVLH75S8SSZ7A","A114SLF6QMZ0O7","Submitted","Fri Oct 30 17:48:20 PDT 2020","Fri Oct 30 17:48:37 PDT 2020","Mon Nov 02 16:48:37 PST 2020","","","","17","0% (0/0)","0% (0/0)","0% (0/0)","post_0","when i am clicking on * * add to cart * * button then product was added to my cart and mini - cart count also updated but loader on mini - cart showing always .  [ ! [ enter image description here][1]][1 ]  after refreshing my page mini - cart shows updated count .  [ ! [ enter image description here][2]][2 ]  what should i do to remove that loader after mini - cart count update ?    [ 1 ] : https://i.stack.imgur.com/oyiqr.png    [ 2 ] : https://i.stack.imgur.com/ob2dx.png","clarq_0","can you please add the code you are using ?","{}","1"
"3G3AJKPCXL2OUF21P1QTB4H0A7Z4YO","3TTNVROHECI206X359QNVOLDV352TZ","Is a question a clarification?","Give us your opinion about our products","question answering, QA, clarification","$0.03","Fri Oct 30 17:11:04 PDT 2020","1","BatchId:298515;OriginalHitTemplateId:920937243;","3600","259200","Thu Nov 19 16:11:04 PST 2020","","","39PAAFCODNATUQKGPT9J1XKE9EDTVG","A114SLF6QMZ0O7","Submitted","Fri Oct 30 17:39:46 PDT 2020","Fri Oct 30 17:39:56 PDT 2020","Mon Nov 02 16:39:56 PST 2020","","","","10","0% (0/0)","0% (0/0)","0% (0/0)","post_1","i am trying to find where i did mistake when i search abc in catalog search tab . the link * * local.xyz.com/abc.html * * redirect to www.xyz.com/abc.html .  do n't know where i did mistake , i already changed the url rewrite manage ment and reindex in and remove cache but same issue occur .","clarq_1","can you add the code you are using ?","{}","1"
"39N6W9XWRDX46VVLK2SUKTE30C7YG4","3TTNVROHECI206X359QNVOLDV352TZ","Is a question a clarification?","Give us your opinion about our products","question answering, QA, clarification","$0.03","Fri Oct 30 17:11:04 PDT 2020","1","BatchId:298515;OriginalHitTemplateId:920937243;","3600","259200","Thu Nov 19 16:11:04 PST 2020","","","3HVVDCPGTF2AYKFLU4W38WO8RVFTYP","A114SLF6QMZ0O7","Submitted","Fri Oct 30 17:49:42 PDT 2020","Fri Oct 30 17:50:18 PDT 2020","Mon Nov 02 16:50:18 PST 2020","","","","36","0% (0/0)","0% (0/0)","0% (0/0)","post_2","hello i am new on the magento 2 . suddenly i got the error when new user come on the site and try to register after filling information it is showing error as "" we ca n't save the customer ""   . i am not able to understand why this is happening suddenly on my website . please let me know and suggest me any relevant answer for this query . my website url is http://54.67.81.223/viewsonicstore  thanks in advance","clarq_2","can you please share your code here ?","{}","1"
"301KG0KX9CVS56XPBN3HWPPZ0XQ2HR","3TTNVROHECI206X359QNVOLDV352TZ","Is a question a clarification?","Give us your opinion about our products","question answering, QA, clarification","$0.03","Fri Oct 30 17:11:05 PDT 2020","1","BatchId:298515;OriginalHitTemplateId:920937243;","3600","259200","Thu Nov 19 16:11:05 PST 2020","","","3TVSS0C0E2A69FKLF3EFNZ3SGNFTWQ","A114SLF6QMZ0O7","Submitted","Fri Oct 30 17:47:02 PDT 2020","Fri Oct 30 17:47:15 PDT 2020","Mon Nov 02 16:47:15 PST 2020","","","","13","0% (0/0)","0% (0/0)","0% (0/0)","post_3","on the category page i have an attribute showing values , that attribute can have multiple values and will show all te values separated by comma 's . is there a way to get the highest value from the attribute and also the lowest ?  what is have to display the values :      getresource()->getattribute('scherm_breedte')->getfrontend()->getvalue($_product ) ) : ? >        breedte : getresource()->getattribute('scherm_breedte')->getfrontend()->getvalue($_product ) ; ? >     regards ,  robert","clarq_3","can you show us your code ?","{}","0"
"3T8DUCXY0NGTAZ9JWQZLKV01HXUT9J","3TTNVROHECI206X359QNVOLDV352TZ","Is a question a clarification?","Give us your opinion about our products","question answering, QA, clarification","$0.03","Fri Oct 30 17:11:05 PDT 2020","1","BatchId:298515;OriginalHitTemplateId:920937243;","3600","259200","Thu Nov 19 16:11:05 PST 2020","","","3DBQWDE4Y78E1J0HM65UO0KN78PN52","A114SLF6QMZ0O7","Submitted","Fri Oct 30 17:23:49 PDT 2020","Fri Oct 30 17:23:55 PDT 2020","Mon Nov 02 16:23:55 PST 2020","","","","6","0% (0/0)","0% (0/0)","0% (0/0)","post_4","how can i get all the available colors of a single product in magento 2 ?","clarq_4","you mean like this ?","{}","0"
"3YGE63DIN8736MP0RZL3E467INJ0W5","3TTNVROHECI206X359QNVOLDV352TZ","Is a question a clarification?","Give us your opinion about our products","question answering, QA, clarification","$0.03","Fri Oct 30 17:11:05 PDT 2020","1","BatchId:298515;OriginalHitTemplateId:920937243;","3600","259200","Thu Nov 19 16:11:05 PST 2020","","","3EJPLAJKENQ41CEEUDQTBT5WDH8Z6B","A114SLF6QMZ0O7","Submitted","Fri Oct 30 17:47:51 PDT 2020","Fri Oct 30 17:48:08 PDT 2020","Mon Nov 02 16:48:08 PST 2020","","","","17","0% (0/0)","0% (0/0)","0% (0/0)","post_5","i have just upgraded my magento site from 1.7.0.2 to latest version and when i visit my frontend , it is working fine but when i try to open admin panel , it shows nothing and display white screen .  i used following in index.php file to see any error but nothing is appearing still .      error_reporting(e_all ) ;      ini_set('display_errors ' , 1 ) ;  please help me","clarq_5","did you clear cache ?","{}","1"
"3SR6AEG6W53I6RQW48AC5TQ4FCKYH3","3TTNVROHECI206X359QNVOLDV352TZ","Is a question a clarification?","Give us your opinion about our products","question answering, QA, clarification","$0.03","Fri Oct 30 17:11:05 PDT 2020","1","BatchId:298515;OriginalHitTemplateId:920937243;","3600","259200","Thu Nov 19 16:11:05 PST 2020","","","3X31TUMD7YWPP1WD96N38I3HQXKL1G","A114SLF6QMZ0O7","Submitted","Fri Oct 30 17:29:43 PDT 2020","Fri Oct 30 17:30:03 PDT 2020","Mon Nov 02 16:30:03 PST 2020","","","","20","0% (0/0)","0% (0/0)","0% (0/0)","post_6","* * how to define url in jquery in magento 2 . i have get all the form data afte the form submit , but need to pass this to controller , so how do i declare url in js * *","clarq_6","do you want to get the url of the form ?","{}","1"
"34YWR3PJ28KIVMUQ14HPGNKERPP0XY","3TTNVROHECI206X359QNVOLDV352TZ","Is a question a clarification?","Give us your opinion about our products","question answering, QA, clarification","$0.03","Fri Oct 30 17:11:05 PDT 2020","1","BatchId:298515;OriginalHitTemplateId:920937243;","3600","259200","Thu Nov 19 16:11:05 PST 2020","","","3JPSL1DZ5T9B7PCYH2WBWB09ZMQNA8","A114SLF6QMZ0O7","Submitted","Fri Oct 30 17:45:29 PDT 2020","Fri Oct 30 17:45:42 PDT 2020","Mon Nov 02 16:45:42 PST 2020","","","","13","0% (0/0)","0% (0/0)","0% (0/0)","post_7","i want to * * random 5 category * * but not luck for me  i have use below code      $ categoryfactory = $ objectmanager->create('magento\catalog\model\resourcemodel\category\collectionfactory ' ) ;      $ categories = $ categoryfactory->create()->addattributetoselect('*')->setpagesize(5)->getselect()->orderrand ( ) ;  * * but order random not working for me * *","clarq_7","can you show me your code ?","{}","0"
"3ZXNP4Z39RV1D3DL8KZAK8ZESUL7LJ","3TTNVROHECI206X359QNVOLDV352TZ","Is a question a clarification?","Give us your opinion about our products","question answering, QA, clarification","$0.03","Fri Oct 30 17:11:05 PDT 2020","1","BatchId:298515;OriginalHitTemplateId:920937243;","3600","259200","Thu Nov 19 16:11:05 PST 2020","","","3X3OR7WPZ0A701GY8RWINSQP43QL80","A114SLF6QMZ0O7","Submitted","Fri Oct 30 17:46:33 PDT 2020","Fri Oct 30 17:46:42 PDT 2020","Mon Nov 02 16:46:42 PST 2020","","","","9","0% (0/0)","0% (0/0)","0% (0/0)","post_8","warning : domdocument::loadxml ( ) : empty string supplied as input in c:\xampp\htdocs\magento2\vendor\magento\module - config\model\config\structure\reader.php on line 132","clarq_8","what is the output of ` &ltunk&gt ` ?","{}","0"
"3VO4XFFP15WC40TY0P761UY82087Q8","3TTNVROHECI206X359QNVOLDV352TZ","Is a question a clarification?","Give us your opinion about our products","question answering, QA, clarification","$0.03","Fri Oct 30 17:11:28 PDT 2020","1","BatchId:298515;OriginalHitTemplateId:920937243;","3600","259200","Thu Nov 19 16:11:28 PST 2020","","","3GS6S824SR78E2F1I7S3E0X0R5TWNS","A114SLF6QMZ0O7","Submitted","Fri Oct 30 17:50:18 PDT 2020","Fri Oct 30 17:50:31 PDT 2020","Mon Nov 02 16:50:31 PST 2020","","","","13","0% (0/0)","0% (0/0)","0% (0/0)","post_9","i have a magento event ` ' payment_method_is_active ' ` and i want to call event with ajax . how can i do ?","clarq_9","you mean you want to call it ?","{}","0"
"3WRKFXQBOBHI2M1GAQSX55RJFPZYIW","3TTNVROHECI206X359QNVOLDV352TZ","Is a question a clarification?","Give us your opinion about our products","question answering, QA, clarification","$0.03","Fri Oct 30 17:11:05 PDT 2020","1","BatchId:298515;OriginalHitTemplateId:920937243;","3600","259200","Thu Nov 19 16:11:05 PST 2020","","","3DY4FPOOA2YGEB7OL44O1IJWLTGRV1","A114SLF6QMZ0O7","Submitted","Fri Oct 30 17:38:50 PDT 2020","Fri Oct 30 17:39:09 PDT 2020","Mon Nov 02 16:39:09 PST 2020","","","","19","0% (0/0)","0% (0/0)","0% (0/0)","post_10","i have created a link in account dashboard it is visible as shown in screen  shot below  http://www.awesomescreenshot.com/image/2552807/2ab6b42e8987aaeb6e254a81c27e202a  when i click on the link it is showing just like these in the screen shot below  http://www.awesomescreenshot.com/image/2552811/5e81668539016e4f9622033455c999d0  but i need on clicking my custom link i need show the content as shown in the  screen shot below  http://www.awesomescreenshot.com/image/2552815/afa2f32d0f2be63d2596e75ae53626c1  please can anyone help me  thanks in advance .","clarq_10","can you please share the code you are using ?","{}","0"
"341YLJU21I9S1189H5L2W1QE0A52IK","3TTNVROHECI206X359QNVOLDV352TZ","Is a question a clarification?","Give us your opinion about our products","question answering, QA, clarification","$0.03","Fri Oct 30 17:11:05 PDT 2020","1","BatchId:298515;OriginalHitTemplateId:920937243;","3600","259200","Thu Nov 19 16:11:05 PST 2020","","","3YHH42UU5CPPICBVDNJ3UDK7L5EL0D","A114SLF6QMZ0O7","Submitted","Fri Oct 30 17:12:58 PDT 2020","Fri Oct 30 17:13:04 PDT 2020","Mon Nov 02 16:13:04 PST 2020","","","","6","0% (0/0)","0% (0/0)","0% (0/0)","post_11","i 'm very new to magento , i have magento_2.3-ee , i 'm using ubuntu-16.4 , i created a virtual host , extract magento_2.3 folder in it , now when i type and hit url ` mg.local ` , i get blank white page ...  also when i type this command to switch to developer mode ` sudo php bin / magento deploy : mode : set developer ` i get this error ` there are no commands defined in the "" deploy : mode "" namespace . `  thanks in advance .","clarq_11","did you try with ` &ltunk&gt ` ?","{}","0"
"39O0SQZVJNHCG18YD4W66K8DYMA7R9","3TTNVROHECI206X359QNVOLDV352TZ","Is a question a clarification?","Give us your opinion about our products","question answering, QA, clarification","$0.03","Fri Oct 30 17:11:28 PDT 2020","1","BatchId:298515;OriginalHitTemplateId:920937243;","3600","259200","Thu Nov 19 16:11:28 PST 2020","","","3S4AW7T80CS6H0TWWO656GAK2HUL4T","A114SLF6QMZ0O7","Submitted","Fri Oct 30 17:37:55 PDT 2020","Fri Oct 30 17:38:05 PDT 2020","Mon Nov 02 16:38:05 PST 2020","","","","10","0% (0/0)","0% (0/0)","0% (0/0)","post_12","i 've added an image to my home page and when i preview the home page from cms pages in the admin the image is responsive .  when i click on my logo the page is then fully responsive all except the image ?  the url ends index.php/home when i preview from the cms pages panel and when i click the logo the home url key is gone ?","clarq_12","are you using the default theme ?","{}","1"
"3D17ECOUOE56MD8UDYE1NCEKPMU132","3TTNVROHECI206X359QNVOLDV352TZ","Is a question a clarification?","Give us your opinion about our products","question answering, QA, clarification","$0.03","Fri Oct 30 17:11:28 PDT 2020","1","BatchId:298515;OriginalHitTemplateId:920937243;","3600","259200","Thu Nov 19 16:11:28 PST 2020","","","3QILPRALQ65XO1JJK4CX0KUE9YQN84","A114SLF6QMZ0O7","Submitted","Fri Oct 30 17:29:15 PDT 2020","Fri Oct 30 17:29:42 PDT 2020","Mon Nov 02 16:29:42 PST 2020","","","","27","0% (0/0)","0% (0/0)","0% (0/0)","post_13","i want to put attribute selection at the time of creating simple product like "" configurable product "" . when admin select attributes only those attribute can be display at the time of product creation from admin panel . so how can i achieve this functionality . any idea and help will be appreciate .  i am using magento version : 1.9.3.4 .","clarq_13","do you want to display in cart page or in frontend ?","{}","1"
"34F34TZU7W9OWCSFZN62825EDPU2JW","3TTNVROHECI206X359QNVOLDV352TZ","Is a question a clarification?","Give us your opinion about our products","question answering, QA, clarification","$0.03","Fri Oct 30 17:11:09 PDT 2020","1","BatchId:298515;OriginalHitTemplateId:920937243;","3600","259200","Thu Nov 19 16:11:09 PST 2020","","","3IUZPWIU1PH76WUYLU0NM8GWXAOWKN","A114SLF6QMZ0O7","Submitted","Fri Oct 30 17:45:17 PDT 2020","Fri Oct 30 17:45:29 PDT 2020","Mon Nov 02 16:45:29 PST 2020","","","","12","0% (0/0)","0% (0/0)","0% (0/0)","post_14","is there a quick way to check the name of an object . for example , if i do ...      $ product = mage::getmodel('catalog / product')- > ... ;  how can i get check to see it is a ` mage_catalog_model_product ` for ` $ product ` ?","clarq_14","can you give more details ?","{}","1"
"308KJXFUJRG7FIJOOWDLGQBLNFCTAY","3TTNVROHECI206X359QNVOLDV352TZ","Is a question a clarification?","Give us your opinion about our products","question answering, QA, clarification","$0.03","Fri Oct 30 17:11:09 PDT 2020","1","BatchId:298515;OriginalHitTemplateId:920937243;","3600","259200","Thu Nov 19 16:11:09 PST 2020","","","3WRFBPLXRBYBN4DD8NH193M3TCYN3C","A114SLF6QMZ0O7","Submitted","Fri Oct 30 17:13:05 PDT 2020","Fri Oct 30 17:23:35 PDT 2020","Mon Nov 02 16:23:35 PST 2020","","","","630","0% (0/0)","0% (0/0)","0% (0/0)","post_15","i installed ` magento2.2 ` . after installing when i visit the site , it shows  > 500 internal server error  the same for admin section as well .  i removed my .htaccess from root folder and tried . this time around front end loads without ` css ` and ` js ` , but admin section shows  > 404 not found  can someone help ?  i referred below but no luck .  https://magento.stackexchange.com/questions/106838/css-and-admin-panel-not-working-in-magento-2-community-edition","clarq_15","did you check your .htaccess file ?","{}","0"
"3YOAVL4CA0ROZ5C6LNSCPBQ2G134ZF","3TTNVROHECI206X359QNVOLDV352TZ","Is a question a clarification?","Give us your opinion about our products","question answering, QA, clarification","$0.03","Fri Oct 30 17:11:09 PDT 2020","1","BatchId:298515;OriginalHitTemplateId:920937243;","3600","259200","Thu Nov 19 16:11:09 PST 2020","","","3KWTYT0871DODJXWATPFB8GY2DPL5Y","A114SLF6QMZ0O7","Submitted","Fri Oct 30 17:38:05 PDT 2020","Fri Oct 30 17:38:22 PDT 2020","Mon Nov 02 16:38:22 PST 2020","","","","17","0% (0/0)","0% (0/0)","0% (0/0)","post_16","how can i add a label to checkout addresses fields ?  [ ! [ enter image description here][1]][1 ]    [ 1 ] : https://i.stack.imgur.com/ltvpd.png","clarq_16","do you want to create a new attribute ?","{}","1"
"3IKMEYR0LW5J7WYXH86E9H5RSEU2KV","3TTNVROHECI206X359QNVOLDV352TZ","Is a question a clarification?","Give us your opinion about our products","question answering, QA, clarification","$0.03","Fri Oct 30 17:11:09 PDT 2020","1","BatchId:298515;OriginalHitTemplateId:920937243;","3600","259200","Thu Nov 19 16:11:09 PST 2020","","","384PI804XTBCMP6LXWG46ZY2DZMS0Y","A114SLF6QMZ0O7","Submitted","Fri Oct 30 17:50:31 PDT 2020","Fri Oct 30 17:50:36 PDT 2020","Mon Nov 02 16:50:36 PST 2020","","","","5","0% (0/0)","0% (0/0)","0% (0/0)","post_17","tried to add the following code to add validation for street , but it 's not work . how to add the validation for street ? thanks .                                             true","clarq_17","what do you mean by "" &ltunk&gt "" ?","{}","0"
"30F94FBDNRUCYSOGUADHB1VR5XXTBT","3TTNVROHECI206X359QNVOLDV352TZ","Is a question a clarification?","Give us your opinion about our products","question answering, QA, clarification","$0.03","Fri Oct 30 17:11:11 PDT 2020","1","BatchId:298515;OriginalHitTemplateId:920937243;","3600","259200","Thu Nov 19 16:11:11 PST 2020","","","33M4IA01QHB8I0CJLJ56P3GH14ORX4","A114SLF6QMZ0O7","Submitted","Fri Oct 30 17:45:48 PDT 2020","Fri Oct 30 17:46:05 PDT 2020","Mon Nov 02 16:46:05 PST 2020","","","","17","0% (0/0)","0% (0/0)","0% (0/0)","post_18","i 've just made a module with a controller and routes , the page loads fine and some head elements are present ... however they are no blocks on the page - is this normal ? why does n't default.xml layout apply to this page ( defined in other places )  i have no layout files in this module yet .","clarq_18","can you post the code you are using ?","{}","1"
"3VZYA8PITO89T3AGVYYUO4TUYQF50T","3TTNVROHECI206X359QNVOLDV352TZ","Is a question a clarification?","Give us your opinion about our products","question answering, QA, clarification","$0.03","Fri Oct 30 17:11:11 PDT 2020","1","BatchId:298515;OriginalHitTemplateId:920937243;","3600","259200","Thu Nov 19 16:11:11 PST 2020","","","34PGFRQONPLCVCOG390BLTGJILOWJO","A114SLF6QMZ0O7","Submitted","Fri Oct 30 17:40:03 PDT 2020","Fri Oct 30 17:45:16 PDT 2020","Mon Nov 02 16:45:16 PST 2020","","","","313","0% (0/0)","0% (0/0)","0% (0/0)","post_19","in my magneto mobile homepage . featured product slider not working properly .  when i add this code to my mobile_homepage static block it will work only once . when i try to add another category with this code . slider is not working . it will show product big images . url ( test.blingers.in )  {{block type=""mpanel / products "" products_count=""10 "" title=""school uniform "" category_id=""377 "" template=""cms / home / featured_products.phtml""}}","clarq_19","can you add your code here ?","{}","1"
"3W5PY7V3UPHEXXLMS8DXH66JS4OYJ8","3TTNVROHECI206X359QNVOLDV352TZ","Is a question a clarification?","Give us your opinion about our products","question answering, QA, clarification","$0.03","Fri Oct 30 17:11:11 PDT 2020","1","BatchId:298515;OriginalHitTemplateId:920937243;","3600","259200","Thu Nov 19 16:11:11 PST 2020","","","3J88R45B2H8N6NW48R1HK8G20M0PXA","A114SLF6QMZ0O7","Submitted","Fri Oct 30 17:49:14 PDT 2020","Fri Oct 30 17:49:22 PDT 2020","Mon Nov 02 16:49:22 PST 2020","","","","8","0% (0/0)","0% (0/0)","0% (0/0)","post_20","how to get product i d but this product in which category and this category how to get product i d i want to set entity i d thru get category i d please say any way   .. :) advance thank you .. please help me ..","clarq_20","do you want to display in category page or in category page ?","{}","0"
"3AA88CN98PD98HR4ATD9IL6W7TOYK7","3TTNVROHECI206X359QNVOLDV352TZ","Is a question a clarification?","Give us your opinion about our products","question answering, QA, clarification","$0.03","Fri Oct 30 17:11:11 PDT 2020","1","BatchId:298515;OriginalHitTemplateId:920937243;","3600","259200","Thu Nov 19 16:11:11 PST 2020","","","3LJ7UR74RINW50WH81MKJ8E97CUN4X","A114SLF6QMZ0O7","Submitted","Fri Oct 30 17:23:36 PDT 2020","Fri Oct 30 17:23:49 PDT 2020","Mon Nov 02 16:23:49 PST 2020","","","","13","0% (0/0)","0% (0/0)","0% (0/0)","post_21","i tried to follow steps according to this link : https://magecomp.com/blog/add-custom-tab-in-customer-account-section-magento-2/  but nothing added , could anybody help me please ?","clarq_21","do you mean $ &ltunk&gt ?","{}","0"
"3ULIZ0H1VAF90SVYRH2U29C43IL51W","3TTNVROHECI206X359QNVOLDV352TZ","Is a question a clarification?","Give us your opinion about our products","question answering, QA, clarification","$0.03","Fri Oct 30 17:11:11 PDT 2020","1","BatchId:298515;OriginalHitTemplateId:920937243;","3600","259200","Thu Nov 19 16:11:11 PST 2020","","","34BBWHLWHBLG014ALRFB9S1J56ZWIC","A114SLF6QMZ0O7","Submitted","Fri Oct 30 17:38:26 PDT 2020","Fri Oct 30 17:38:41 PDT 2020","Mon Nov 02 16:38:41 PST 2020","","","","15","0% (0/0)","0% (0/0)","0% (0/0)","post_22","i want to show some extra data on product list page so i override the vendor\magento\module - catalog\block\product\listproduct.php . for this i refer http://magento.stackexchange.com/questions/96642/add-custom-block-on-listing-page-magento2 . it work .  but i need to call my helper function in my override block file . created new file name listproduct.php in app\code\vendor\module_name\block\product      namespace vendor\module_name\block\product ;       class listproduct extends \magento\catalog\block\product\listproduct       {        // i need to call my module helper function here :           public function test ( ) {            }       }  how can i call my helper function inside this block file . thanks","clarq_22","can you add your code here ?","{}","1"
"3SCKNODZ0XQR13G6KXFPX033XPL7NL","3TTNVROHECI206X359QNVOLDV352TZ","Is a question a clarification?","Give us your opinion about our products","question answering, QA, clarification","$0.03","Fri Oct 30 17:11:11 PDT 2020","1","BatchId:298515;OriginalHitTemplateId:920937243;","3600","259200","Thu Nov 19 16:11:11 PST 2020","","","33CID571053LZ4ASWA1MWBIEOHYL38","A114SLF6QMZ0O7","Submitted","Fri Oct 30 17:37:40 PDT 2020","Fri Oct 30 17:37:46 PDT 2020","Mon Nov 02 16:37:46 PST 2020","","","","6","0% (0/0)","0% (0/0)","0% (0/0)","post_23","4444333322221111 //   here how to get a value dynamically            what is the format of get a value dynamically in xml field","clarq_23","can you show us your code please ?","{}","0"
"3N3WJQXELS0UR2GF28IFOHI6HEZ2LY","3TTNVROHECI206X359QNVOLDV352TZ","Is a question a clarification?","Give us your opinion about our products","question answering, QA, clarification","$0.03","Fri Oct 30 17:11:11 PDT 2020","1","BatchId:298515;OriginalHitTemplateId:920937243;","3600","259200","Thu Nov 19 16:11:11 PST 2020","","","3F6KKYWMNCB95WFA1CNDMC8FKPNNDA","A114SLF6QMZ0O7","Submitted","Fri Oct 30 17:46:42 PDT 2020","Fri Oct 30 17:47:02 PDT 2020","Mon Nov 02 16:47:02 PST 2020","","","","20","0% (0/0)","0% (0/0)","0% (0/0)","post_24","i created sub - store and displayed all products on all new stores as :  go to your manage products page , click select all , change the action dropdown to say "" change attributes "" and click submit . then , on the websites tab , make sure your new site is checked in the "" add product to websites "" area , and click save .  requirement : all set well but products images are not displaying same like main website . hoe to display images on product - list and product - detail pages ?","clarq_24","are you using custom theme or custom theme ?","{}","1"
"374UMBUHN5ZV8XGM8A9CML19NIXTC0","3TTNVROHECI206X359QNVOLDV352TZ","Is a question a clarification?","Give us your opinion about our products","question answering, QA, clarification","$0.03","Fri Oct 30 17:11:11 PDT 2020","1","BatchId:298515;OriginalHitTemplateId:920937243;","3600","259200","Thu Nov 19 16:11:11 PST 2020","","","3CPLWGV3MP9X262TPWIB0GPPT48N9T","A114SLF6QMZ0O7","Submitted","Fri Oct 30 17:39:56 PDT 2020","Fri Oct 30 17:40:03 PDT 2020","Mon Nov 02 16:40:03 PST 2020","","","","7","0% (0/0)","0% (0/0)","0% (0/0)","post_25","hello i m new to magento and not so familiar with magento i have requirement assign a category to new products automatically  thanks in advance for help","clarq_25","do you want to remove all products ?","{}","0"
"3X4Q1O9UBHW9JOGILCF2CP38NZQ7O0","3TTNVROHECI206X359QNVOLDV352TZ","Is a question a clarification?","Give us your opinion about our products","question answering, QA, clarification","$0.03","Fri Oct 30 17:11:12 PDT 2020","1","BatchId:298515;OriginalHitTemplateId:920937243;","3600","259200","Thu Nov 19 16:11:12 PST 2020","","","3LOTDFNYA89WQA2KKJ9Q6VORPE7WFL","A114SLF6QMZ0O7","Submitted","Fri Oct 30 17:25:28 PDT 2020","Fri Oct 30 17:29:14 PDT 2020","Mon Nov 02 16:29:14 PST 2020","","","","226","0% (0/0)","0% (0/0)","0% (0/0)","post_26","i am struggling with an strange issue that when i enable the ` use flat catalog category ` from admin the front is starting giving the following error in chrome      no data received      unable to load the webpage because the server sent no data .      here are some suggestions :      reload this webpage later .      error 324 ( net::err_empty_response ) : the server closed the connection without sending any data .  and in mozzila - > nothing is displaying :'(  not getting this at all what is going on . any body any idea about this please help .","clarq_26","can you post the error log ?","{}","0"
"3WPCIUYH1AI5DPM0864N6RJR8I9TD0","3TTNVROHECI206X359QNVOLDV352TZ","Is a question a clarification?","Give us your opinion about our products","question answering, QA, clarification","$0.03","Fri Oct 30 17:11:12 PDT 2020","1","BatchId:298515;OriginalHitTemplateId:920937243;","3600","259200","Thu Nov 19 16:11:12 PST 2020","","","3X4MXAO0BHYTT07TBE9KNK2AS2IRWB","A114SLF6QMZ0O7","Submitted","Fri Oct 30 17:45:42 PDT 2020","Fri Oct 30 17:45:47 PDT 2020","Mon Nov 02 16:45:47 PST 2020","","","","5","0% (0/0)","0% (0/0)","0% (0/0)","post_27","when i am   changing store view , it affects the whole front end design of my site  how to fix it .","clarq_27","what do you mean by "" change "" ?","{}","0"
"3FTID4TN8L8KSN9MVTPAXLJBWTTYLA","3TTNVROHECI206X359QNVOLDV352TZ","Is a question a clarification?","Give us your opinion about our products","question answering, QA, clarification","$0.03","Fri Oct 30 17:11:12 PDT 2020","1","BatchId:298515;OriginalHitTemplateId:920937243;","3600","259200","Thu Nov 19 16:11:12 PST 2020","","","3ND9UOO81LCIQ2CG6UCO18TBMATWLQ","A114SLF6QMZ0O7","Submitted","Fri Oct 30 17:48:37 PDT 2020","Fri Oct 30 17:48:43 PDT 2020","Mon Nov 02 16:48:43 PST 2020","","","","6","0% (0/0)","0% (0/0)","0% (0/0)","post_28","i am following this article(https://www.mageplaza.com / magento-2-module - development/ ) and creating a custom module in magento 2.2.0 but when i reach the step where i have to check my custom module in admin panel  store > > advanced > > advanced i do n't see anything there .  module.xml                          registration.php      < ? php      / * *       * created by phpstorm .       * user : iftikhar uddin       * date : 10/22/2017       * time : 8:54 am       * /          \magento\framework\component\componentregistrar::register (          \magento\framework\component\componentregistrar::module ,          ' connextar_cxmagemods ' ,          _ _ dir _ _      ) ;  code directory stucture is \app\code\connextar\cxmagemods\","clarq_28","i am getting this error .","{}","0"
"3MGHRFQY2LZ7VRK0603RZ1RNTVJ0Y4","3TTNVROHECI206X359QNVOLDV352TZ","Is a question a clarification?","Give us your opinion about our products","question answering, QA, clarification","$0.03","Fri Oct 30 17:11:12 PDT 2020","1","BatchId:298515;OriginalHitTemplateId:920937243;","3600","259200","Thu Nov 19 16:11:12 PST 2020","","","3ZGVPD4G6URA3APQQQYMM3XAXPJTZG","A114SLF6QMZ0O7","Submitted","Fri Oct 30 17:50:59 PDT 2020","Fri Oct 30 17:51:16 PDT 2020","Mon Nov 02 16:51:16 PST 2020","","","","17","0% (0/0)","0% (0/0)","0% (0/0)","post_29","i 'm trying to access the customers grid ( customers->all customers ) on backend and always get an error .  i 've already uninstalled all the extensions that i 've installed , cleared the cache and reindex the db , but everything remains the same .  below is the error  "" class magento\\customer\\controller\\adminhtml\\index\\index\\interceptor does not exist ""  regards","clarq_29","can you post the error you are getting ?","{}","0"
"36D1BWBEHNBEXKY02KJUOUXVHJP2M0","3TTNVROHECI206X359QNVOLDV352TZ","Is a question a clarification?","Give us your opinion about our products","question answering, QA, clarification","$0.03","Fri Oct 30 17:11:12 PDT 2020","1","BatchId:298515;OriginalHitTemplateId:920937243;","3600","259200","Thu Nov 19 16:11:12 PST 2020","","","3DQQ64TANHV8HNREYM5VIP2VRKUPWH","A114SLF6QMZ0O7","Submitted","Fri Oct 30 17:49:02 PDT 2020","Fri Oct 30 17:49:13 PDT 2020","Mon Nov 02 16:49:13 PST 2020","","","","11","0% (0/0)","0% (0/0)","0% (0/0)","post_30","i have a custom function that is triggered with event * * sales_order_place_after * * , i need to retrieve the shipping address in this function .  i tried ` $ observer->getcustomeraddress ( ) ` , but it did n't work . how could i get the shipping address ?","clarq_30","can you show us your code ?","{}","1"
"3G57RS03HHFGPDDUAL287SM9VOZ52D","3TTNVROHECI206X359QNVOLDV352TZ","Is a question a clarification?","Give us your opinion about our products","question answering, QA, clarification","$0.03","Fri Oct 30 17:11:12 PDT 2020","1","BatchId:298515;OriginalHitTemplateId:920937243;","3600","259200","Thu Nov 19 16:11:12 PST 2020","","","373ERPL3YPI11J3ZG94900VBO80RTL","A114SLF6QMZ0O7","Submitted","Fri Oct 30 17:30:03 PDT 2020","Fri Oct 30 17:30:28 PDT 2020","Mon Nov 02 16:30:28 PST 2020","","","","25","0% (0/0)","0% (0/0)","0% (0/0)","post_31","hi this code is working perfect without magento .                          $ ( ' # side').flipbook ( {              pdf : ' sample.pdf ' ,             } ) ;        i added to flipbook.js to   view / frontend / templates / web / js  and added to layout        phtml                         require(['jquery ' ] , function($ ) {                          $ ( ' # side').flipbook ( {              pdf : ' sample.pdf ' ,             } ) ;                  } ) ;            can u explain why its not working ?  and how can i fix it ?","clarq_31","can you please share your &ltunk&gt file ?","{}","1"
"3GITHABACYVKF2J0ELYU19MVM9Z2N0","3TTNVROHECI206X359QNVOLDV352TZ","Is a question a clarification?","Give us your opinion about our products","question answering, QA, clarification","$0.03","Fri Oct 30 17:11:12 PDT 2020","1","BatchId:298515;OriginalHitTemplateId:920937243;","3600","259200","Thu Nov 19 16:11:12 PST 2020","","","33UKMF931AUEHYGRKY940FWTCTXTT0","A114SLF6QMZ0O7","Submitted","Fri Oct 30 17:38:41 PDT 2020","Fri Oct 30 17:38:50 PDT 2020","Mon Nov 02 16:38:50 PST 2020","","","","9","0% (0/0)","0% (0/0)","0% (0/0)","post_32","magento search filter not working at all , although filters on product by category   works fine .  magento ver . 1.9.0.1  on the search page  search filters are not working .  sort by is not working  show 6 product not working ( it shows more then 6 product )  please help https://carvakasextoys.co.uk/catalogsearch/result/?q=games","clarq_32","can you please add your code here ?","{}","1"
"3VMV5CHJZ8P8P9WRAW5VCCMOLAPTGA","3TTNVROHECI206X359QNVOLDV352TZ","Is a question a clarification?","Give us your opinion about our products","question answering, QA, clarification","$0.03","Fri Oct 30 17:11:28 PDT 2020","1","BatchId:298515;OriginalHitTemplateId:920937243;","3600","259200","Thu Nov 19 16:11:28 PST 2020","","","3QL2OFSM97SZ049W1GS226QXZPBNCA","A114SLF6QMZ0O7","Submitted","Fri Oct 30 17:46:05 PDT 2020","Fri Oct 30 17:46:33 PDT 2020","Mon Nov 02 16:46:33 PST 2020","","","","28","0% (0/0)","0% (0/0)","0% (0/0)","post_33","hello this is phtml file      getapikey ( ) ;      echo $ url ;  from above code i am getting this url  if hit that url in   browsers other tab it will display json data i.e https://maps.google.com/maps/api/geocode/json?address=manhattan&key=aizasybr3mn7y42_ihmtce_5zejk_usgcfxifgk  i have fetch that data in php variable mainly longitude and latitude any suggestion  thanks","clarq_33","can you show us your code ?","{}","0"
"3JUDR1D0D615IZWSUDQB53H0RKM2QN","3TTNVROHECI206X359QNVOLDV352TZ","Is a question a clarification?","Give us your opinion about our products","question answering, QA, clarification","$0.03","Fri Oct 30 17:11:28 PDT 2020","1","BatchId:298515;OriginalHitTemplateId:920937243;","3600","259200","Thu Nov 19 16:11:28 PST 2020","","","3NPI0JQDAPFGP6NK3H0KV5VWNQCTPV","A114SLF6QMZ0O7","Submitted","Fri Oct 30 17:12:34 PDT 2020","Fri Oct 30 17:12:44 PDT 2020","Mon Nov 02 16:12:44 PST 2020","","","","10","0% (0/0)","0% (0/0)","0% (0/0)","post_34","after successful installation when i run the admin url it 's giving me this . i 'm not sure what 's happening . so if anyone have any solution for this it will be great help .   [ ! [ image][1]][1 ]    [ 1 ] : https://i.stack.imgur.com/aussk.png","clarq_34","what is the error you are getting ?","{}","1"
"39KV3A5D18HOHG8BSTWBWUD9KOT7SX","3TTNVROHECI206X359QNVOLDV352TZ","Is a question a clarification?","Give us your opinion about our products","question answering, QA, clarification","$0.03","Fri Oct 30 17:11:28 PDT 2020","1","BatchId:298515;OriginalHitTemplateId:920937243;","3600","259200","Thu Nov 19 16:11:28 PST 2020","","","3L4PIM1GQUQXI52TQFR88HNQ3AIRYA","A114SLF6QMZ0O7","Submitted","Fri Oct 30 17:48:08 PDT 2020","Fri Oct 30 17:48:20 PDT 2020","Mon Nov 02 16:48:20 PST 2020","","","","12","0% (0/0)","0% (0/0)","0% (0/0)","post_35","! [ enter image description here][1 ]    [ 1 ] : http://i.stack.imgur.com/r5w3i.png  we moved the site from one domain to another domain .  but after moving , admin panel is not moving properly .  we changed the doamin name in core _ config_data  please give me some solution","clarq_35","can you please share the code you are using ?","{}","1"
"3H781YYV6TSA5V0041F7C91C8UATET","3TTNVROHECI206X359QNVOLDV352TZ","Is a question a clarification?","Give us your opinion about our products","question answering, QA, clarification","$0.03","Fri Oct 30 17:11:18 PDT 2020","1","BatchId:298515;OriginalHitTemplateId:920937243;","3600","259200","Thu Nov 19 16:11:18 PST 2020","","","37Z929RLGAID2Y3CVY4EQA07AAJTSB","A114SLF6QMZ0O7","Submitted","Fri Oct 30 17:38:22 PDT 2020","Fri Oct 30 17:38:26 PDT 2020","Mon Nov 02 16:38:26 PST 2020","","","","4","0% (0/0)","0% (0/0)","0% (0/0)","post_36","i have deployed magento2 , phpmyadmin and xampp on a dedicated localhost server running windows 10 . everything is working fine and i have uploaded my entire catalogue etc .  i want to give other members of my team access to magento 2 so they can familiarise themselves with it before i deploy to a production environment .  what is the process i need to go through to give them access once i have edited their permissions ? any help would be much appreciated .","clarq_36","what do you mean by "" access access "" ?","{}","0"
"30UZJB2POHM5AV9DELGDQ2R112Z53O","3TTNVROHECI206X359QNVOLDV352TZ","Is a question a clarification?","Give us your opinion about our products","question answering, QA, clarification","$0.03","Fri Oct 30 17:11:18 PDT 2020","1","BatchId:298515;OriginalHitTemplateId:920937243;","3600","259200","Thu Nov 19 16:11:18 PST 2020","","","31QTRG6Q2UNC6SMEDNNJ3MNB2SUPYG","A114SLF6QMZ0O7","Submitted","Fri Oct 30 17:49:22 PDT 2020","Fri Oct 30 17:49:42 PDT 2020","Mon Nov 02 16:49:42 PST 2020","","","","20","0% (0/0)","0% (0/0)","0% (0/0)","post_37","i developed a simple admin panel for my magento theme ( i 'm back in magento ) and wanted to know how i can add a class html via descent in magento admin . e ' can add it through array ? if so , how can i do ?","clarq_37","what do you mean by custom theme ?","{}","0"
"3Z3R5YC0P3X2B90WZCZDURMCKVPTFB","3TTNVROHECI206X359QNVOLDV352TZ","Is a question a clarification?","Give us your opinion about our products","question answering, QA, clarification","$0.03","Fri Oct 30 17:11:18 PDT 2020","1","BatchId:298515;OriginalHitTemplateId:920937243;","3600","259200","Thu Nov 19 16:11:18 PST 2020","","","3LKC68YZ3BDQWNFDJMSGTPX5HFYWO7","A114SLF6QMZ0O7","Submitted","Fri Oct 30 17:50:37 PDT 2020","Fri Oct 30 17:50:59 PDT 2020","Mon Nov 02 16:50:59 PST 2020","","","","22","0% (0/0)","0% (0/0)","0% (0/0)","post_38","i 'm working on grouped products price now total price is calculated as  * * total price = product(a ) price x product(a ) quantity + product(b ) price x product ( ) quantity * *   i want some change in that calculation like this  * * total price = product(a ) price x product(a ) quantity x product(a ) carton + product(b ) price x product(b ) quantity x product(b ) carton * *   anyone can tell me where is code or how to do it","clarq_38","you want to add price in cart ?","{}","1"
"3Y3N5A7N4GJ4Y5R7V5QPXYY0WYJYMC","3TTNVROHECI206X359QNVOLDV352TZ","Is a question a clarification?","Give us your opinion about our products","question answering, QA, clarification","$0.03","Fri Oct 30 17:11:20 PDT 2020","1","BatchId:298515;OriginalHitTemplateId:920937243;","3600","259200","Thu Nov 19 16:11:20 PST 2020","","","3CFVK00FWMVKWNXAFCZK3EUYY80L6E","A114SLF6QMZ0O7","Submitted","Fri Oct 30 17:39:34 PDT 2020","Fri Oct 30 17:39:45 PDT 2020","Mon Nov 02 16:39:45 PST 2020","","","","11","0% (0/0)","0% (0/0)","0% (0/0)","post_39","i am trying to update price of product on product page . so i am updating the span of price by getting ` product price + my additional ` price but problem is when we use custom option . is there any ` event or plugin ` available using which can add our price at final even after custom option .  thank you ,","clarq_39","can you add your code here ?","{}","1"
"386659BNTLRA5L9XUBWILEGDMAA107","3TTNVROHECI206X359QNVOLDV352TZ","Is a question a clarification?","Give us your opinion about our products","question answering, QA, clarification","$0.03","Fri Oct 30 17:11:18 PDT 2020","1","BatchId:298515;OriginalHitTemplateId:920937243;","3600","259200","Thu Nov 19 16:11:18 PST 2020","","","3OWEPKL08AMTONE0AZKRMKYJYEKN7H","A114SLF6QMZ0O7","Submitted","Fri Oct 30 17:23:55 PDT 2020","Fri Oct 30 17:25:27 PDT 2020","Mon Nov 02 16:25:27 PST 2020","","","","92","0% (0/0)","0% (0/0)","0% (0/0)","post_40","there is a ` quantity box ` in each magento product page . i want to hide this quantity selector from out of stock product pages .  how should i do thad ?","clarq_40","do you want to remove all pages from one page ?","{}","0"
"388FBO7JZR3AGNC7765PADN01OTYNC","3TTNVROHECI206X359QNVOLDV352TZ","Is a question a clarification?","Give us your opinion about our products","question answering, QA, clarification","$0.03","Fri Oct 30 17:11:20 PDT 2020","1","BatchId:298515;OriginalHitTemplateId:920937243;","3600","259200","Thu Nov 19 16:11:20 PST 2020","","","30OG32W0SVLEX2TAX7YXSUQ0K1ONE3","A114SLF6QMZ0O7","Submitted","Fri Oct 30 17:47:15 PDT 2020","Fri Oct 30 17:47:36 PDT 2020","Mon Nov 02 16:47:36 PST 2020","","","","21","0% (0/0)","0% (0/0)","0% (0/0)","post_41","i have magrate magento 2 website from subdomain to root . after migration user ca nt logged into the account but admin is working fine .  if user clear the cache and try to login , login works fine but when the cookies expire it wo nt work .  everything look perfect but do nt know what can be the issue .","clarq_41","can you please check error log ?","{}","1"
"3PMR2DOWOOBQSRSHEZLW07J7F2V549","3TTNVROHECI206X359QNVOLDV352TZ","Is a question a clarification?","Give us your opinion about our products","question answering, QA, clarification","$0.03","Fri Oct 30 17:11:21 PDT 2020","1","BatchId:298515;OriginalHitTemplateId:920937243;","3600","259200","Thu Nov 19 16:11:21 PST 2020","","","3OF2M9AATHYB0RZ3WHKULCAEECSKZ1","A114SLF6QMZ0O7","Submitted","Fri Oct 30 17:12:44 PDT 2020","Fri Oct 30 17:12:57 PDT 2020","Mon Nov 02 16:12:57 PST 2020","","","","13","0% (0/0)","0% (0/0)","0% (0/0)","post_42","in magento 2 , how to add a custom customer attributes in   checkout register page ?","clarq_42","do you want to add customer attribute to cart page ?","{}","1"
"3LAZVA75NI12XNJCF0Y7GYM0CJ42OF","3TTNVROHECI206X359QNVOLDV352TZ","Is a question a clarification?","Give us your opinion about our products","question answering, QA, clarification","$0.03","Fri Oct 30 17:11:21 PDT 2020","1","BatchId:298515;OriginalHitTemplateId:920937243;","3600","259200","Thu Nov 19 16:11:21 PST 2020","","","32EYX73OY1JG1WIOGEUJ5WHD7M7RUC","A114SLF6QMZ0O7","Submitted","Fri Oct 30 17:30:28 PDT 2020","Fri Oct 30 17:37:40 PDT 2020","Mon Nov 02 16:37:40 PST 2020","","","","432","0% (0/0)","0% (0/0)","0% (0/0)","post_43","can anyone suggest me how to get the attribute value for products in magento , and where to use the coding in backend . i 'm totally new to this concept . please post the exact codings .      $ attribute= mage::getresourcemodel('catalog / product')->getattributerawvalue($product_id , ' attribute_code ' , $ storeid ) ;  these is the coding which i tried . instead of $ product_id i gave the number for the particular product i d . how to check , where it is working","clarq_43","can you please share your code ?","{}","1"
"3HEA4ZVWVDW8OAWHS4465ZPLFYQ55E","3TTNVROHECI206X359QNVOLDV352TZ","Is a question a clarification?","Give us your opinion about our products","question answering, QA, clarification","$0.03","Fri Oct 30 17:11:21 PDT 2020","1","BatchId:298515;OriginalHitTemplateId:920937243;","3600","259200","Thu Nov 19 16:11:21 PST 2020","","","33PPUNGG39FXNVCYM1TRMOWS94MRZ1","A114SLF6QMZ0O7","Submitted","Fri Oct 30 17:48:43 PDT 2020","Fri Oct 30 17:48:52 PDT 2020","Mon Nov 02 16:48:52 PST 2020","","","","9","0% (0/0)","0% (0/0)","0% (0/0)","post_44","after successful installation when i run the admin url it 's giving me this . i 'm not sure what 's happening . so if anyone have any solution for this it will be great help .   [ ! [ image][1]][1 ]    [ 1 ] : https://i.stack.imgur.com/aussk.png","clarq_44","what is the error you are getting ?","{}","1"
"37SQU136V7YACAUFQU0IZJZNR2G11A","3TTNVROHECI206X359QNVOLDV352TZ","Is a question a clarification?","Give us your opinion about our products","question answering, QA, clarification","$0.03","Fri Oct 30 17:11:21 PDT 2020","1","BatchId:298515;OriginalHitTemplateId:920937243;","3600","259200","Thu Nov 19 16:11:21 PST 2020","","","36NEMU28XGN2WKU166D31L80MFJWMS","A114SLF6QMZ0O7","Submitted","Fri Oct 30 17:48:52 PDT 2020","Fri Oct 30 17:49:02 PDT 2020","Mon Nov 02 16:49:02 PST 2020","","","","10","0% (0/0)","0% (0/0)","0% (0/0)","post_45","i am using this data - migration - tool ,  when i migrate from magento 1.9.3.2 to magento 2.3,getting below error ,  sqlstate[23000 ] : integrity constraint violation : 1062 duplicate entry ' 1 ' for key ' sales_order_increment_id_store_id '  i tried many times upload fresh db , still getting this issue","clarq_45","can you share your &ltunk&gt file ?","{}","0"
"3D0LPO3EAB9SY8CJ8L52P2N5RYYYOR","3TTNVROHECI206X359QNVOLDV352TZ","Is a question a clarification?","Give us your opinion about our products","question answering, QA, clarification","$0.03","Fri Oct 30 17:11:21 PDT 2020","1","BatchId:298515;OriginalHitTemplateId:920937243;","3600","259200","Thu Nov 19 16:11:21 PST 2020","","","3JBT3HLQF9CCBIWJ99P2HTWD8MYPZ7","A114SLF6QMZ0O7","Submitted","Fri Oct 30 17:51:16 PDT 2020","Fri Oct 30 17:51:29 PDT 2020","Mon Nov 02 16:51:29 PST 2020","","","","13","0% (0/0)","0% (0/0)","0% (0/0)","post_46","i tried using instafeed.js from http://instafeedjs.com/ to show an instagram feed using a particular hashtag right before the footer on my homepage .  i added the file instafeed.min.js to my default / theme / js  i created a static block called instafeed with the content                var feed = new instafeed ( {              get : ' tagged ' ,              tagname : ' awesome ' ,              clientid : ' my client id '          } ) ;          feed.run ( ) ;        then to the homepage layout xml i added             instafeed        is this the correct way to integrate ?","clarq_46","can you show your &ltunk&gt file ?","{}","1"
"3DGDV62G7OJKINVDU0BM5YRQMO02PW","3TTNVROHECI206X359QNVOLDV352TZ","Is a question a clarification?","Give us your opinion about our products","question answering, QA, clarification","$0.03","Fri Oct 30 17:11:21 PDT 2020","1","BatchId:298515;OriginalHitTemplateId:920937243;","3600","259200","Thu Nov 19 16:11:21 PST 2020","","","373ERPL3YPI11J3ZG94900VBO80TRN","A114SLF6QMZ0O7","Submitted","Fri Oct 30 17:37:47 PDT 2020","Fri Oct 30 17:37:55 PDT 2020","Mon Nov 02 16:37:55 PST 2020","","","","8","0% (0/0)","0% (0/0)","0% (0/0)","post_47","i have problem with adding block inside another block ..  my code :                                                                 then when i call ` $ this->getchildhtml ( ) ; ` in login.phtml i do not see this view .  any help ?","clarq_47","can you add your block code here ?","{}","1"
"39XCQ6V3KYE47EWVXNEBX53LBT156U","3TTNVROHECI206X359QNVOLDV352TZ","Is a question a clarification?","Give us your opinion about our products","question answering, QA, clarification","$0.03","Fri Oct 30 17:11:29 PDT 2020","1","BatchId:298515;OriginalHitTemplateId:920937243;","3600","259200","Thu Nov 19 16:11:29 PST 2020","","","3IKZ72A5B5Q63GT6SII3ACB0W23NFL","A114SLF6QMZ0O7","Submitted","Fri Oct 30 17:47:36 PDT 2020","Fri Oct 30 17:47:50 PDT 2020","Mon Nov 02 16:47:50 PST 2020","","","","14","0% (0/0)","0% (0/0)","0% (0/0)","post_48","i have magento 1.9.3.8 and i want to set a different shipping price for each state / province i tried to configure it from dashboard but i could n't ,   any solution for this ?","clarq_48","do you want to change the price for each price ?","{}","0"
"32TZXEA1OLUR49RYDCJKXH6Q3MQ14N","3TTNVROHECI206X359QNVOLDV352TZ","Is a question a clarification?","Give us your opinion about our products","question answering, QA, clarification","$0.03","Fri Oct 30 17:11:29 PDT 2020","1","BatchId:298515;OriginalHitTemplateId:920937243;","3600","259200","Thu Nov 19 16:11:29 PST 2020","","","3Y54SXRO1MVTHBVGK3ZE5BIVV74TUR","A114SLF6QMZ0O7","Submitted","Fri Oct 30 17:39:09 PDT 2020","Fri Oct 30 17:39:34 PDT 2020","Mon Nov 02 16:39:34 PST 2020","","","","25","0% (0/0)","0% (0/0)","0% (0/0)","post_49","i am trying to override the content on /requisition_list / requisition / index/ in the account pages . i have created the following structure in my theme :  magento_requisitionlist    frontend      templates        requisition          actions            create.phtml  but the changes are not visible on the front end . i have verified the template using by enabling theme hints , tried running setup : di : compile , flushed the cache , cleaned the cache , verified file permissions , etc . without no luck .  how can override content on this page ?","clarq_49","have you checked the permissions on the folder ?","{}","0"