"HITId","HITTypeId","Title","Description","Keywords","Reward","CreationTime","MaxAssignments","RequesterAnnotation","AssignmentDurationInSeconds","AutoApprovalDelayInSeconds","Expiration","NumberOfSimilarHITs","LifetimeInSeconds","AssignmentId","WorkerId","AssignmentStatus","AcceptTime","SubmitTime","AutoApprovalTime","ApprovalTime","RejectionTime","RequesterFeedback","WorkTimeInSeconds","LifetimeApprovalRate","Last30DaysApprovalRate","Last7DaysApprovalRate","Input.input_meta","Input.input_text","Input.clarq_meta","Input.clarq_text","Answer.Comments","Answer.information_need_code","Answer.information_need_rephrase","Approve","Reject"
"3IV1AEQ4DRNZIRU4F4F3ITIHZOHJ89","3MRHU529460XLAYUZ9Z60JVL7EKA2M","Significance of UNK tokens in model output","Given a post and clarification question, what information needs does the question encode that is not expressed overtly?","question answering, QA, clarification","$0.05","Wed Oct 28 19:30:08 PDT 2020","1","BatchId:298289;OriginalHitTemplateId:920937243;","3600","259200","Tue Nov 17 18:30:08 PST 2020","","","3LOZAJ85YENREGVY6TQ5OV89PC42XW","A114SLF6QMZ0O7","Submitted","Wed Oct 28 19:33:51 PDT 2020","Wed Oct 28 19:33:53 PDT 2020","Sat Oct 31 19:33:53 PDT 2020","","","","2","0% (0/0)","0% (0/0)","0% (0/0)","post_0","when i am clicking on * * add to cart * * button then product was added to my cart and mini - cart count also updated but loader on mini - cart showing always .  [ ! [ enter image description here][1]][1 ]  after refreshing my page mini - cart shows updated count .  [ ! [ enter image description here][2]][2 ]  what should i do to remove that loader after mini - cart count update ?    [ 1 ] : https://i.stack.imgur.com/oyiqr.png    [ 2 ] : https://i.stack.imgur.com/ob2dx.png","clarq_0","can you please share your code ?","{}","",""
"3OYHVNTV5T8XE3N2464BGU8UTILOKG","3MRHU529460XLAYUZ9Z60JVL7EKA2M","Significance of UNK tokens in model output","Given a post and clarification question, what information needs does the question encode that is not expressed overtly?","question answering, QA, clarification","$0.05","Wed Oct 28 19:30:08 PDT 2020","1","BatchId:298289;OriginalHitTemplateId:920937243;","3600","259200","Tue Nov 17 18:30:08 PST 2020","","","3ON104KXQL6MSU5V02D7FRR00OU4W1","A114SLF6QMZ0O7","Submitted","Wed Oct 28 19:32:26 PDT 2020","Wed Oct 28 19:32:27 PDT 2020","Sat Oct 31 19:32:27 PDT 2020","","","","1","0% (0/0)","0% (0/0)","0% (0/0)","post_1","i am trying to find where i did mistake when i search abc in catalog search tab . the link * * local.xyz.com/abc.html * * redirect to www.xyz.com/abc.html .  do n't know where i did mistake , i already changed the url rewrite manage ment and reindex in and remove cache but same issue occur .","clarq_1","can you share your code ?","{}","",""
"3ATYLI1PRTC23JHKML4ZFF8HETLOJH","3MRHU529460XLAYUZ9Z60JVL7EKA2M","Significance of UNK tokens in model output","Given a post and clarification question, what information needs does the question encode that is not expressed overtly?","question answering, QA, clarification","$0.05","Wed Oct 28 19:30:08 PDT 2020","1","BatchId:298289;OriginalHitTemplateId:920937243;","3600","259200","Tue Nov 17 18:30:08 PST 2020","","","36AHBNMV1SM3HVJO8EWO3S6MO9MYD6","A114SLF6QMZ0O7","Submitted","Wed Oct 28 19:34:28 PDT 2020","Wed Oct 28 19:34:29 PDT 2020","Sat Oct 31 19:34:29 PDT 2020","","","","1","0% (0/0)","0% (0/0)","0% (0/0)","post_2","hello i am new on the magento 2 . suddenly i got the error when new user come on the site and try to register after filling information it is showing error as "" we ca n't save the customer ""   . i am not able to understand why this is happening suddenly on my website . please let me know and suggest me any relevant answer for this query . my website url is http://54.67.81.223/viewsonicstore  thanks in advance","clarq_2","can you share your code ?","{}","",""
"3UAU495MII2BHZSEYK8DMHHSV9JUOJ","3MRHU529460XLAYUZ9Z60JVL7EKA2M","Significance of UNK tokens in model output","Given a post and clarification question, what information needs does the question encode that is not expressed overtly?","question answering, QA, clarification","$0.05","Wed Oct 28 19:30:08 PDT 2020","1","BatchId:298289;OriginalHitTemplateId:920937243;","3600","259200","Tue Nov 17 18:30:08 PST 2020","","","3ATPCQ38J9K5JOGCO45MDRYG36PYA4","A114SLF6QMZ0O7","Submitted","Wed Oct 28 19:33:58 PDT 2020","Wed Oct 28 19:33:59 PDT 2020","Sat Oct 31 19:33:59 PDT 2020","","","","1","0% (0/0)","0% (0/0)","0% (0/0)","post_3","on the category page i have an attribute showing values , that attribute can have multiple values and will show all te values separated by comma 's . is there a way to get the highest value from the attribute and also the lowest ?  what is have to display the values :      getresource()->getattribute('scherm_breedte')->getfrontend()->getvalue($_product ) ) : ? >        breedte : getresource()->getattribute('scherm_breedte')->getfrontend()->getvalue($_product ) ; ? >     regards ,  robert","clarq_3","can you please share your code ?","{}","",""
"3UQ1LLR26AIJW5BJFNBUUZ14T1MLAH","3MRHU529460XLAYUZ9Z60JVL7EKA2M","Significance of UNK tokens in model output","Given a post and clarification question, what information needs does the question encode that is not expressed overtly?","question answering, QA, clarification","$0.05","Wed Oct 28 19:30:08 PDT 2020","1","BatchId:298289;OriginalHitTemplateId:920937243;","3600","259200","Tue Nov 17 18:30:08 PST 2020","","","34FNN24DCNJ8DI4VT8E55GIUBSOY5Y","A114SLF6QMZ0O7","Submitted","Wed Oct 28 19:31:24 PDT 2020","Wed Oct 28 19:31:27 PDT 2020","Sat Oct 31 19:31:27 PDT 2020","","","","3","0% (0/0)","0% (0/0)","0% (0/0)","post_4","how can i get all the available colors of a single product in magento 2 ?","clarq_4","do you want to create a new theme ?","{}","",""
"32LAQ1JNT9ZRURXMU1UCGRNFUH0TU4","3MRHU529460XLAYUZ9Z60JVL7EKA2M","Significance of UNK tokens in model output","Given a post and clarification question, what information needs does the question encode that is not expressed overtly?","question answering, QA, clarification","$0.05","Wed Oct 28 19:30:08 PDT 2020","1","BatchId:298289;OriginalHitTemplateId:920937243;","3600","259200","Tue Nov 17 18:30:08 PST 2020","","","3U5JL4WY5LJ1HUALA79THA579Q04XU","A114SLF6QMZ0O7","Submitted","Wed Oct 28 19:33:54 PDT 2020","Wed Oct 28 19:33:55 PDT 2020","Sat Oct 31 19:33:55 PDT 2020","","","","1","0% (0/0)","0% (0/0)","0% (0/0)","post_5","i have just upgraded my magento site from 1.7.0.2 to latest version and when i visit my frontend , it is working fine but when i try to open admin panel , it shows nothing and display white screen .  i used following in index.php file to see any error but nothing is appearing still .      error_reporting(e_all ) ;      ini_set('display_errors ' , 1 ) ;  please help me","clarq_5","can you please share your code ?","{}","",""
"3T2EL38U0MU6JFZPI2B4VTBW4SIQXF","3MRHU529460XLAYUZ9Z60JVL7EKA2M","Significance of UNK tokens in model output","Given a post and clarification question, what information needs does the question encode that is not expressed overtly?","question answering, QA, clarification","$0.05","Wed Oct 28 19:30:08 PDT 2020","1","BatchId:298289;OriginalHitTemplateId:920937243;","3600","259200","Tue Nov 17 18:30:08 PST 2020","","","3K3R2QNK8CDAXWM2MXUXEBHJ10X9U3","A114SLF6QMZ0O7","Submitted","Wed Oct 28 19:34:05 PDT 2020","Wed Oct 28 19:34:07 PDT 2020","Sat Oct 31 19:34:07 PDT 2020","","","","2","0% (0/0)","0% (0/0)","0% (0/0)","post_6","* * how to define url in jquery in magento 2 . i have get all the form data afte the form submit , but need to pass this to controller , so how do i declare url in js * *","clarq_6","can you please share your code ?","{}","",""
"3BKZLF990Z9VJKPZNYX6E7I56YCQYL","3MRHU529460XLAYUZ9Z60JVL7EKA2M","Significance of UNK tokens in model output","Given a post and clarification question, what information needs does the question encode that is not expressed overtly?","question answering, QA, clarification","$0.05","Wed Oct 28 19:30:08 PDT 2020","1","BatchId:298289;OriginalHitTemplateId:920937243;","3600","259200","Tue Nov 17 18:30:08 PST 2020","","","3QY7M81QH8WSGHTXDMSBUSHF4JB7KS","A114SLF6QMZ0O7","Submitted","Wed Oct 28 19:31:11 PDT 2020","Wed Oct 28 19:31:15 PDT 2020","Sat Oct 31 19:31:15 PDT 2020","","","","4","0% (0/0)","0% (0/0)","0% (0/0)","post_7","i want to * * random 5 category * * but not luck for me  i have use below code      $ categoryfactory = $ objectmanager->create('magento\catalog\model\resourcemodel\category\collectionfactory ' ) ;      $ categories = $ categoryfactory->create()->addattributetoselect('*')->setpagesize(5)->getselect()->orderrand ( ) ;  * * but order random not working for me * *","clarq_7","can you please share your code ?","{}","",""
"3T5ZXGO9DEYVOAZ4JKZPSER7CSGQZC","3MRHU529460XLAYUZ9Z60JVL7EKA2M","Significance of UNK tokens in model output","Given a post and clarification question, what information needs does the question encode that is not expressed overtly?","question answering, QA, clarification","$0.05","Wed Oct 28 19:30:08 PDT 2020","1","BatchId:298289;OriginalHitTemplateId:920937243;","3600","259200","Tue Nov 17 18:30:08 PST 2020","","","39L1G8WVWR189X6O30J3CW90QBP13E","A114SLF6QMZ0O7","Submitted","Wed Oct 28 19:32:43 PDT 2020","Wed Oct 28 19:33:47 PDT 2020","Sat Oct 31 19:33:47 PDT 2020","","","","64","0% (0/0)","0% (0/0)","0% (0/0)","post_8","warning : domdocument::loadxml ( ) : empty string supplied as input in c:\xampp\htdocs\magento2\vendor\magento\module - config\model\config\structure\reader.php on line 132","clarq_8","try ` &ltunk&gt ( ) ` instead of ` &ltunk&gt `","{}","0",""
"3MG8450X2OKT2Z4FDKLSBHMI5EFUP0","3MRHU529460XLAYUZ9Z60JVL7EKA2M","Significance of UNK tokens in model output","Given a post and clarification question, what information needs does the question encode that is not expressed overtly?","question answering, QA, clarification","$0.05","Wed Oct 28 19:30:08 PDT 2020","1","BatchId:298289;OriginalHitTemplateId:920937243;","3600","259200","Tue Nov 17 18:30:08 PST 2020","","","3T111IHZ5F0IH4ULI3ZS90UZU1T9RZ","A114SLF6QMZ0O7","Submitted","Wed Oct 28 19:32:30 PDT 2020","Wed Oct 28 19:32:32 PDT 2020","Sat Oct 31 19:32:32 PDT 2020","","","","2","0% (0/0)","0% (0/0)","0% (0/0)","post_9","i have a magento event ` ' payment_method_is_active ' ` and i want to call event with ajax . how can i do ?","clarq_9","can you please share your code ?","{}","",""
"3421H3BM9ARZWWDEKWLHIPDSJUZJ9Y","3MRHU529460XLAYUZ9Z60JVL7EKA2M","Significance of UNK tokens in model output","Given a post and clarification question, what information needs does the question encode that is not expressed overtly?","question answering, QA, clarification","$0.05","Wed Oct 28 19:30:08 PDT 2020","1","BatchId:298289;OriginalHitTemplateId:920937243;","3600","259200","Tue Nov 17 18:30:08 PST 2020","","","3CP1TO84PUBICXBO0N7AWCHPWDU52P","A114SLF6QMZ0O7","Submitted","Wed Oct 28 19:34:29 PDT 2020","Wed Oct 28 19:34:31 PDT 2020","Sat Oct 31 19:34:31 PDT 2020","","","","2","0% (0/0)","0% (0/0)","0% (0/0)","post_10","i have created a link in account dashboard it is visible as shown in screen  shot below  http://www.awesomescreenshot.com/image/2552807/2ab6b42e8987aaeb6e254a81c27e202a  when i click on the link it is showing just like these in the screen shot below  http://www.awesomescreenshot.com/image/2552811/5e81668539016e4f9622033455c999d0  but i need on clicking my custom link i need show the content as shown in the  screen shot below  http://www.awesomescreenshot.com/image/2552815/afa2f32d0f2be63d2596e75ae53626c1  please can anyone help me  thanks in advance .","clarq_10","can you please share your code ?","{}","",""
"3D5G8J4N5AER76MMZR4HCDPY8O9TVT","3MRHU529460XLAYUZ9Z60JVL7EKA2M","Significance of UNK tokens in model output","Given a post and clarification question, what information needs does the question encode that is not expressed overtly?","question answering, QA, clarification","$0.05","Wed Oct 28 19:30:08 PDT 2020","1","BatchId:298289;OriginalHitTemplateId:920937243;","3600","259200","Tue Nov 17 18:30:08 PST 2020","","","3U84XHCDIDNQMPA0BPXEEVLIHQY4ZR","A114SLF6QMZ0O7","Submitted","Wed Oct 28 19:34:13 PDT 2020","Wed Oct 28 19:34:15 PDT 2020","Sat Oct 31 19:34:15 PDT 2020","","","","2","0% (0/0)","0% (0/0)","0% (0/0)","post_11","i 'm very new to magento , i have magento_2.3-ee , i 'm using ubuntu-16.4 , i created a virtual host , extract magento_2.3 folder in it , now when i type and hit url ` mg.local ` , i get blank white page ...  also when i type this command to switch to developer mode ` sudo php bin / magento deploy : mode : set developer ` i get this error ` there are no commands defined in the "" deploy : mode "" namespace . `  thanks in advance .","clarq_11","can you please share your code ?","{}","",""
"31MBOZ6PAO17PK8HZ17L0URST47LCJ","3MRHU529460XLAYUZ9Z60JVL7EKA2M","Significance of UNK tokens in model output","Given a post and clarification question, what information needs does the question encode that is not expressed overtly?","question answering, QA, clarification","$0.05","Wed Oct 28 19:30:08 PDT 2020","1","BatchId:298289;OriginalHitTemplateId:920937243;","3600","259200","Tue Nov 17 18:30:08 PST 2020","","","3ERMJ6L4DZ2N65T0YY5R959JTO67MX","A114SLF6QMZ0O7","Submitted","Wed Oct 28 19:31:32 PDT 2020","Wed Oct 28 19:31:34 PDT 2020","Sat Oct 31 19:31:34 PDT 2020","","","","2","0% (0/0)","0% (0/0)","0% (0/0)","post_12","i 've added an image to my home page and when i preview the home page from cms pages in the admin the image is responsive .  when i click on my logo the page is then fully responsive all except the image ?  the url ends index.php/home when i preview from the cms pages panel and when i click the logo the home url key is gone ?","clarq_12","can you share your code ?","{}","",""
"3CO05SML7VFYYQ8ES5BXR5YQQ7ZR0M","3MRHU529460XLAYUZ9Z60JVL7EKA2M","Significance of UNK tokens in model output","Given a post and clarification question, what information needs does the question encode that is not expressed overtly?","question answering, QA, clarification","$0.05","Wed Oct 28 19:30:08 PDT 2020","1","BatchId:298289;OriginalHitTemplateId:920937243;","3600","259200","Tue Nov 17 18:30:08 PST 2020","","","3PS7W85Z80CVXJ7DMS4N9FVHIMQ9TC","A114SLF6QMZ0O7","Submitted","Wed Oct 28 19:33:56 PDT 2020","Wed Oct 28 19:33:57 PDT 2020","Sat Oct 31 19:33:57 PDT 2020","","","","1","0% (0/0)","0% (0/0)","0% (0/0)","post_13","i want to put attribute selection at the time of creating simple product like "" configurable product "" . when admin select attributes only those attribute can be display at the time of product creation from admin panel . so how can i achieve this functionality . any idea and help will be appreciate .  i am using magento version : 1.9.3.4 .","clarq_13","do you want to create a custom attribute ?","{}","",""
"3Q7TKIAPOTKHUCEVZX2WK09AE4JLDJ","3MRHU529460XLAYUZ9Z60JVL7EKA2M","Significance of UNK tokens in model output","Given a post and clarification question, what information needs does the question encode that is not expressed overtly?","question answering, QA, clarification","$0.05","Wed Oct 28 19:30:08 PDT 2020","1","BatchId:298289;OriginalHitTemplateId:920937243;","3600","259200","Tue Nov 17 18:30:08 PST 2020","","","3A0EX8ZRN9YA2YL4UI5I82IMLOAYBZ","A114SLF6QMZ0O7","Submitted","Wed Oct 28 19:34:00 PDT 2020","Wed Oct 28 19:34:01 PDT 2020","Sat Oct 31 19:34:01 PDT 2020","","","","1","0% (0/0)","0% (0/0)","0% (0/0)","post_14","is there a quick way to check the name of an object . for example , if i do ...      $ product = mage::getmodel('catalog / product')- > ... ;  how can i get check to see it is a ` mage_catalog_model_product ` for ` $ product ` ?","clarq_14","can you please share your code ?","{}","",""
"3THR0FZ95P38Y95KP6GCVUL9IIQOLJ","3MRHU529460XLAYUZ9Z60JVL7EKA2M","Significance of UNK tokens in model output","Given a post and clarification question, what information needs does the question encode that is not expressed overtly?","question answering, QA, clarification","$0.05","Wed Oct 28 19:30:08 PDT 2020","1","BatchId:298289;OriginalHitTemplateId:920937243;","3600","259200","Tue Nov 17 18:30:08 PST 2020","","","3OWEPKL08AMTONE0AZKRMKYJYEG7NX","A114SLF6QMZ0O7","Submitted","Wed Oct 28 19:32:21 PDT 2020","Wed Oct 28 19:32:24 PDT 2020","Sat Oct 31 19:32:24 PDT 2020","","","","3","0% (0/0)","0% (0/0)","0% (0/0)","post_15","i installed ` magento2.2 ` . after installing when i visit the site , it shows  > 500 internal server error  the same for admin section as well .  i removed my .htaccess from root folder and tried . this time around front end loads without ` css ` and ` js ` , but admin section shows  > 404 not found  can someone help ?  i referred below but no luck .  https://magento.stackexchange.com/questions/106838/css-and-admin-panel-not-working-in-magento-2-community-edition","clarq_15","can you post the error you are getting ?","{}","",""
"3B286OTISERD1FNJC2ZHEKOCPCHJAD","3MRHU529460XLAYUZ9Z60JVL7EKA2M","Significance of UNK tokens in model output","Given a post and clarification question, what information needs does the question encode that is not expressed overtly?","question answering, QA, clarification","$0.05","Wed Oct 28 19:30:08 PDT 2020","1","BatchId:298289;OriginalHitTemplateId:920937243;","3600","259200","Tue Nov 17 18:30:08 PST 2020","","","3V5Q80FXIY1FYIOKM4JHHFJ5IH332X","A114SLF6QMZ0O7","Submitted","Wed Oct 28 19:34:52 PDT 2020","Wed Oct 28 19:34:53 PDT 2020","Sat Oct 31 19:34:53 PDT 2020","","","","1","0% (0/0)","0% (0/0)","0% (0/0)","post_16","how can i add a label to checkout addresses fields ?  [ ! [ enter image description here][1]][1 ]    [ 1 ] : https://i.stack.imgur.com/ltvpd.png","clarq_16","can you please share your code ?","{}","",""
"3XWUWJ18TL06U4CBU6KMLN9HDV7UUW","3MRHU529460XLAYUZ9Z60JVL7EKA2M","Significance of UNK tokens in model output","Given a post and clarification question, what information needs does the question encode that is not expressed overtly?","question answering, QA, clarification","$0.05","Wed Oct 28 19:30:30 PDT 2020","1","BatchId:298289;OriginalHitTemplateId:920937243;","3600","259200","Tue Nov 17 18:30:30 PST 2020","","","3V0Z7YWSIZAZARQ36EPN0ABO91W2VT","A114SLF6QMZ0O7","Submitted","Wed Oct 28 19:32:11 PDT 2020","Wed Oct 28 19:32:21 PDT 2020","Sat Oct 31 19:32:21 PDT 2020","","","","10","0% (0/0)","0% (0/0)","0% (0/0)","post_17","tried to add the following code to add validation for street , but it 's not work . how to add the validation for street ? thanks .                                             true","clarq_17","what do you want to do ?","{}","",""
"3QREJ3J4337P8IK5REOJOD40YDGLKW","3MRHU529460XLAYUZ9Z60JVL7EKA2M","Significance of UNK tokens in model output","Given a post and clarification question, what information needs does the question encode that is not expressed overtly?","question answering, QA, clarification","$0.05","Wed Oct 28 19:30:30 PDT 2020","1","BatchId:298289;OriginalHitTemplateId:920937243;","3600","259200","Tue Nov 17 18:30:30 PST 2020","","","33TIN5LC05KRE567WYRMHWNWXO89Y1","A114SLF6QMZ0O7","Submitted","Wed Oct 28 19:34:26 PDT 2020","Wed Oct 28 19:34:27 PDT 2020","Sat Oct 31 19:34:27 PDT 2020","","","","1","0% (0/0)","0% (0/0)","0% (0/0)","post_18","i 've just made a module with a controller and routes , the page loads fine and some head elements are present ... however they are no blocks on the page - is this normal ? why does n't default.xml layout apply to this page ( defined in other places )  i have no layout files in this module yet .","clarq_18","can you share your code ?","{}","",""
"3XDJY5RK5SV7D6IWF0T48JBNEIJU49","3MRHU529460XLAYUZ9Z60JVL7EKA2M","Significance of UNK tokens in model output","Given a post and clarification question, what information needs does the question encode that is not expressed overtly?","question answering, QA, clarification","$0.05","Wed Oct 28 19:30:30 PDT 2020","1","BatchId:298289;OriginalHitTemplateId:920937243;","3600","259200","Tue Nov 17 18:30:30 PST 2020","","","32RIADZISTETLDOMGX36I2OFUBY4SM","A114SLF6QMZ0O7","Submitted","Wed Oct 28 19:31:30 PDT 2020","Wed Oct 28 19:31:32 PDT 2020","Sat Oct 31 19:31:32 PDT 2020","","","","2","0% (0/0)","0% (0/0)","0% (0/0)","post_19","in my magneto mobile homepage . featured product slider not working properly .  when i add this code to my mobile_homepage static block it will work only once . when i try to add another category with this code . slider is not working . it will show product big images . url ( test.blingers.in )  {{block type=""mpanel / products "" products_count=""10 "" title=""school uniform "" category_id=""377 "" template=""cms / home / featured_products.phtml""}}","clarq_19","can you please share your code ?","{}","",""
"3P888QFVX34JP6LXHBO8CGK3SODOQ8","3MRHU529460XLAYUZ9Z60JVL7EKA2M","Significance of UNK tokens in model output","Given a post and clarification question, what information needs does the question encode that is not expressed overtly?","question answering, QA, clarification","$0.05","Wed Oct 28 19:30:30 PDT 2020","1","BatchId:298289;OriginalHitTemplateId:920937243;","3600","259200","Tue Nov 17 18:30:30 PST 2020","","","3TOK3KHVJUSB68ECBEK419YOOOL7OC","A114SLF6QMZ0O7","Submitted","Wed Oct 28 19:32:35 PDT 2020","Wed Oct 28 19:32:37 PDT 2020","Sat Oct 31 19:32:37 PDT 2020","","","","2","0% (0/0)","0% (0/0)","0% (0/0)","post_20","how to get product i d but this product in which category and this category how to get product i d i want to set entity i d thru get category i d please say any way   .. :) advance thank you .. please help me ..","clarq_20","do you want to remove the product ?","{}","",""
"3P520RYKCHGP9PMWT5CEDBH1EEEU5E","3MRHU529460XLAYUZ9Z60JVL7EKA2M","Significance of UNK tokens in model output","Given a post and clarification question, what information needs does the question encode that is not expressed overtly?","question answering, QA, clarification","$0.05","Wed Oct 28 19:30:30 PDT 2020","1","BatchId:298289;OriginalHitTemplateId:920937243;","3600","259200","Tue Nov 17 18:30:30 PST 2020","","","3RJSC4XJ114BGN8AL03WDOOAZFA505","A114SLF6QMZ0O7","Submitted","Wed Oct 28 19:34:15 PDT 2020","Wed Oct 28 19:34:17 PDT 2020","Sat Oct 31 19:34:17 PDT 2020","","","","2","0% (0/0)","0% (0/0)","0% (0/0)","post_21","i tried to follow steps according to this link : https://magecomp.com/blog/add-custom-tab-in-customer-account-section-magento-2/  but nothing added , could anybody help me please ?","clarq_21","what do you mean by "" solve "" ?","{}","",""
"3BPP3MA3TCUMMISVVSDGQIRVEGKLEC","3MRHU529460XLAYUZ9Z60JVL7EKA2M","Significance of UNK tokens in model output","Given a post and clarification question, what information needs does the question encode that is not expressed overtly?","question answering, QA, clarification","$0.05","Wed Oct 28 19:30:15 PDT 2020","1","BatchId:298289;OriginalHitTemplateId:920937243;","3600","259200","Tue Nov 17 18:30:15 PST 2020","","","336KAV9KYR2GELL8BPC779FIRIY2Y2","A114SLF6QMZ0O7","Submitted","Wed Oct 28 19:34:09 PDT 2020","Wed Oct 28 19:34:11 PDT 2020","Sat Oct 31 19:34:11 PDT 2020","","","","2","0% (0/0)","0% (0/0)","0% (0/0)","post_22","i want to show some extra data on product list page so i override the vendor\magento\module - catalog\block\product\listproduct.php . for this i refer http://magento.stackexchange.com/questions/96642/add-custom-block-on-listing-page-magento2 . it work .  but i need to call my helper function in my override block file . created new file name listproduct.php in app\code\vendor\module_name\block\product      namespace vendor\module_name\block\product ;       class listproduct extends \magento\catalog\block\product\listproduct       {        // i need to call my module helper function here :           public function test ( ) {            }       }  how can i call my helper function inside this block file . thanks","clarq_22","can you please share your code ?","{}","",""
"3XBYQ44Z6PE4MVMRP19DYF8CFXBTW3","3MRHU529460XLAYUZ9Z60JVL7EKA2M","Significance of UNK tokens in model output","Given a post and clarification question, what information needs does the question encode that is not expressed overtly?","question answering, QA, clarification","$0.05","Wed Oct 28 19:30:15 PDT 2020","1","BatchId:298289;OriginalHitTemplateId:920937243;","3600","259200","Tue Nov 17 18:30:15 PST 2020","","","33TIN5LC05KRE567WYRMHWNWXO7Y9P","A114SLF6QMZ0O7","Submitted","Wed Oct 28 19:32:37 PDT 2020","Wed Oct 28 19:32:40 PDT 2020","Sat Oct 31 19:32:40 PDT 2020","","","","3","0% (0/0)","0% (0/0)","0% (0/0)","post_23","4444333322221111 //   here how to get a value dynamically            what is the format of get a value dynamically in xml field","clarq_23","can you please share your code ?","{}","",""
"3SU800BH862E2B5UDX0HBMCSAA1UQR","3MRHU529460XLAYUZ9Z60JVL7EKA2M","Significance of UNK tokens in model output","Given a post and clarification question, what information needs does the question encode that is not expressed overtly?","question answering, QA, clarification","$0.05","Wed Oct 28 19:30:15 PDT 2020","1","BatchId:298289;OriginalHitTemplateId:920937243;","3600","259200","Tue Nov 17 18:30:15 PST 2020","","","3AZHRG4CU5U828L67HF3YRQQLJJ30D","A114SLF6QMZ0O7","Submitted","Wed Oct 28 19:34:47 PDT 2020","Wed Oct 28 19:34:49 PDT 2020","Sat Oct 31 19:34:49 PDT 2020","","","","2","0% (0/0)","0% (0/0)","0% (0/0)","post_24","i created sub - store and displayed all products on all new stores as :  go to your manage products page , click select all , change the action dropdown to say "" change attributes "" and click submit . then , on the websites tab , make sure your new site is checked in the "" add product to websites "" area , and click save .  requirement : all set well but products images are not displaying same like main website . hoe to display images on product - list and product - detail pages ?","clarq_24","can you please share your code ?","{}","",""
"3CRWSLD91KES4RN5PIHRV70YINGOML","3MRHU529460XLAYUZ9Z60JVL7EKA2M","Significance of UNK tokens in model output","Given a post and clarification question, what information needs does the question encode that is not expressed overtly?","question answering, QA, clarification","$0.05","Wed Oct 28 19:30:15 PDT 2020","1","BatchId:298289;OriginalHitTemplateId:920937243;","3600","259200","Tue Nov 17 18:30:15 PST 2020","","","3VHHR074H4R30NBFYM4C9SUUTJG7LV","A114SLF6QMZ0O7","Submitted","Wed Oct 28 19:31:28 PDT 2020","Wed Oct 28 19:31:30 PDT 2020","Sat Oct 31 19:31:30 PDT 2020","","","","2","0% (0/0)","0% (0/0)","0% (0/0)","post_25","hello i m new to magento and not so familiar with magento i have requirement assign a category to new products automatically  thanks in advance for help","clarq_25","do you want to remove the product ?","{}","",""
"3BAKUKE49HMY5FTWOOFX5AH0VZ5R1P","3MRHU529460XLAYUZ9Z60JVL7EKA2M","Significance of UNK tokens in model output","Given a post and clarification question, what information needs does the question encode that is not expressed overtly?","question answering, QA, clarification","$0.05","Wed Oct 28 19:30:16 PDT 2020","1","BatchId:298289;OriginalHitTemplateId:920937243;","3600","259200","Tue Nov 17 18:30:16 PST 2020","","","3CN4LGXD5YYQHZ0VF3VV0OCGBWTY4T","A114SLF6QMZ0O7","Submitted","Wed Oct 28 19:31:16 PDT 2020","Wed Oct 28 19:31:22 PDT 2020","Sat Oct 31 19:31:22 PDT 2020","","","","6","0% (0/0)","0% (0/0)","0% (0/0)","post_26","i am struggling with an strange issue that when i enable the ` use flat catalog category ` from admin the front is starting giving the following error in chrome      no data received      unable to load the webpage because the server sent no data .      here are some suggestions :      reload this webpage later .      error 324 ( net::err_empty_response ) : the server closed the connection without sending any data .  and in mozzila - > nothing is displaying :'(  not getting this at all what is going on . any body any idea about this please help .","clarq_26","can you post the error you are getting ?","{}","",""
"3VAOOVPI3Z20SO2NCE0K3DHFNDLLLZ","3MRHU529460XLAYUZ9Z60JVL7EKA2M","Significance of UNK tokens in model output","Given a post and clarification question, what information needs does the question encode that is not expressed overtly?","question answering, QA, clarification","$0.05","Wed Oct 28 19:30:30 PDT 2020","1","BatchId:298289;OriginalHitTemplateId:920937243;","3600","259200","Tue Nov 17 18:30:30 PST 2020","","","3PW9OPU9PRUJOFA5Z05YTM48KXP123","A114SLF6QMZ0O7","Submitted","Wed Oct 28 19:32:33 PDT 2020","Wed Oct 28 19:32:35 PDT 2020","Sat Oct 31 19:32:35 PDT 2020","","","","2","0% (0/0)","0% (0/0)","0% (0/0)","post_27","when i am   changing store view , it affects the whole front end design of my site  how to fix it .","clarq_27","can you share your code ?","{}","",""
"3EKTG13IZUDKY6K8CQ1Z3QW4NIBLM1","3MRHU529460XLAYUZ9Z60JVL7EKA2M","Significance of UNK tokens in model output","Given a post and clarification question, what information needs does the question encode that is not expressed overtly?","question answering, QA, clarification","$0.05","Wed Oct 28 19:30:30 PDT 2020","1","BatchId:298289;OriginalHitTemplateId:920937243;","3600","259200","Tue Nov 17 18:30:30 PST 2020","","","39L1G8WVWR189X6O30J3CW90QBP31G","A114SLF6QMZ0O7","Submitted","Wed Oct 28 19:34:50 PDT 2020","Wed Oct 28 19:34:51 PDT 2020","Sat Oct 31 19:34:51 PDT 2020","","","","1","0% (0/0)","0% (0/0)","0% (0/0)","post_28","i am following this article(https://www.mageplaza.com / magento-2-module - development/ ) and creating a custom module in magento 2.2.0 but when i reach the step where i have to check my custom module in admin panel  store > > advanced > > advanced i do n't see anything there .  module.xml                          registration.php      < ? php      / * *       * created by phpstorm .       * user : iftikhar uddin       * date : 10/22/2017       * time : 8:54 am       * /          \magento\framework\component\componentregistrar::register (          \magento\framework\component\componentregistrar::module ,          ' connextar_cxmagemods ' ,          _ _ dir _ _      ) ;  code directory stucture is \app\code\connextar\cxmagemods\","clarq_28","can you please share your code ?","{}","",""
"3TL87MO8CMZESWSRQ3XM80CVQHZLFU","3MRHU529460XLAYUZ9Z60JVL7EKA2M","Significance of UNK tokens in model output","Given a post and clarification question, what information needs does the question encode that is not expressed overtly?","question answering, QA, clarification","$0.05","Wed Oct 28 19:30:17 PDT 2020","1","BatchId:298289;OriginalHitTemplateId:920937243;","3600","259200","Tue Nov 17 18:30:17 PST 2020","","","34Q075JO1YNCS57RKD1KAYBTNZ510J","A114SLF6QMZ0O7","Submitted","Wed Oct 28 19:31:22 PDT 2020","Wed Oct 28 19:31:24 PDT 2020","Sat Oct 31 19:31:24 PDT 2020","","","","2","0% (0/0)","0% (0/0)","0% (0/0)","post_29","i 'm trying to access the customers grid ( customers->all customers ) on backend and always get an error .  i 've already uninstalled all the extensions that i 've installed , cleared the cache and reindex the db , but everything remains the same .  below is the error  "" class magento\\customer\\controller\\adminhtml\\index\\index\\interceptor does not exist ""  regards","clarq_29","did you check the error log ?","{}","",""
"33TGB4G0LPRJBVRHZ65Z0YMJOZHTXW","3MRHU529460XLAYUZ9Z60JVL7EKA2M","Significance of UNK tokens in model output","Given a post and clarification question, what information needs does the question encode that is not expressed overtly?","question answering, QA, clarification","$0.05","Wed Oct 28 19:30:18 PDT 2020","1","BatchId:298289;OriginalHitTemplateId:920937243;","3600","259200","Tue Nov 17 18:30:18 PST 2020","","","3TXWC2NHN00UIJUYXSZXZAZVG3C9SN","A114SLF6QMZ0O7","Submitted","Wed Oct 28 19:32:41 PDT 2020","Wed Oct 28 19:32:43 PDT 2020","Sat Oct 31 19:32:43 PDT 2020","","","","2","0% (0/0)","0% (0/0)","0% (0/0)","post_30","i have a custom function that is triggered with event * * sales_order_place_after * * , i need to retrieve the shipping address in this function .  i tried ` $ observer->getcustomeraddress ( ) ` , but it did n't work . how could i get the shipping address ?","clarq_30","can you please share your code ?","{}","",""
"36U4VBVNQONEECKUQCPHGCMX6W3URS","3MRHU529460XLAYUZ9Z60JVL7EKA2M","Significance of UNK tokens in model output","Given a post and clarification question, what information needs does the question encode that is not expressed overtly?","question answering, QA, clarification","$0.05","Wed Oct 28 19:30:18 PDT 2020","1","BatchId:298289;OriginalHitTemplateId:920937243;","3600","259200","Tue Nov 17 18:30:18 PST 2020","","","33CKWXB73KUCZUS9GW5KO3U3SRB11M","A114SLF6QMZ0O7","Submitted","Wed Oct 28 19:31:38 PDT 2020","Wed Oct 28 19:31:40 PDT 2020","Sat Oct 31 19:31:40 PDT 2020","","","","2","0% (0/0)","0% (0/0)","0% (0/0)","post_31","hi this code is working perfect without magento .                          $ ( ' # side').flipbook ( {              pdf : ' sample.pdf ' ,             } ) ;        i added to flipbook.js to   view / frontend / templates / web / js  and added to layout        phtml                         require(['jquery ' ] , function($ ) {                          $ ( ' # side').flipbook ( {              pdf : ' sample.pdf ' ,             } ) ;                  } ) ;            can u explain why its not working ?  and how can i fix it ?","clarq_31","can you please share your code ?","{}","",""
"3B9XR6P1WE5IKPSBIGZD9V8I7U2JB8","3MRHU529460XLAYUZ9Z60JVL7EKA2M","Significance of UNK tokens in model output","Given a post and clarification question, what information needs does the question encode that is not expressed overtly?","question answering, QA, clarification","$0.05","Wed Oct 28 19:30:18 PDT 2020","1","BatchId:298289;OriginalHitTemplateId:920937243;","3600","259200","Tue Nov 17 18:30:18 PST 2020","","","3CN4LGXD5YYQHZ0VF3VV0OCGBWU4Y0","A114SLF6QMZ0O7","Submitted","Wed Oct 28 19:34:02 PDT 2020","Wed Oct 28 19:34:03 PDT 2020","Sat Oct 31 19:34:03 PDT 2020","","","","1","0% (0/0)","0% (0/0)","0% (0/0)","post_32","magento search filter not working at all , although filters on product by category   works fine .  magento ver . 1.9.0.1  on the search page  search filters are not working .  sort by is not working  show 6 product not working ( it shows more then 6 product )  please help https://carvakasextoys.co.uk/catalogsearch/result/?q=games","clarq_32","can you please share your code ?","{}","",""
"3LB1BGHFL268B0HR42R1JCTSQ5BTY2","3MRHU529460XLAYUZ9Z60JVL7EKA2M","Significance of UNK tokens in model output","Given a post and clarification question, what information needs does the question encode that is not expressed overtly?","question answering, QA, clarification","$0.05","Wed Oct 28 19:30:18 PDT 2020","1","BatchId:298289;OriginalHitTemplateId:920937243;","3600","259200","Tue Nov 17 18:30:18 PST 2020","","","3HPZF4IVNN3TC3DA8I1DJMO439AYC6","A114SLF6QMZ0O7","Submitted","Wed Oct 28 19:34:03 PDT 2020","Wed Oct 28 19:34:05 PDT 2020","Sat Oct 31 19:34:05 PDT 2020","","","","2","0% (0/0)","0% (0/0)","0% (0/0)","post_33","hello this is phtml file      getapikey ( ) ;      echo $ url ;  from above code i am getting this url  if hit that url in   browsers other tab it will display json data i.e https://maps.google.com/maps/api/geocode/json?address=manhattan&key=aizasybr3mn7y42_ihmtce_5zejk_usgcfxifgk  i have fetch that data in php variable mainly longitude and latitude any suggestion  thanks","clarq_33","can you please share your code ?","{}","",""
"338431Z1FLPJ170XUQD8H6U8OAFOR9","3MRHU529460XLAYUZ9Z60JVL7EKA2M","Significance of UNK tokens in model output","Given a post and clarification question, what information needs does the question encode that is not expressed overtly?","question answering, QA, clarification","$0.05","Wed Oct 28 19:30:30 PDT 2020","1","BatchId:298289;OriginalHitTemplateId:920937243;","3600","259200","Tue Nov 17 18:30:30 PST 2020","","","3LRKMWOKB6RGJBVD7BEQLGOKXC22ZT","A114SLF6QMZ0O7","Submitted","Wed Oct 28 19:34:24 PDT 2020","Wed Oct 28 19:34:25 PDT 2020","Sat Oct 31 19:34:25 PDT 2020","","","","1","0% (0/0)","0% (0/0)","0% (0/0)","post_34","after successful installation when i run the admin url it 's giving me this . i 'm not sure what 's happening . so if anyone have any solution for this it will be great help .   [ ! [ image][1]][1 ]    [ 1 ] : https://i.stack.imgur.com/aussk.png","clarq_34","can you please share your code ?","{}","",""
"33W1NHWFYHV8GQRW0OTKXJ2UWZFTZT","3MRHU529460XLAYUZ9Z60JVL7EKA2M","Significance of UNK tokens in model output","Given a post and clarification question, what information needs does the question encode that is not expressed overtly?","question answering, QA, clarification","$0.05","Wed Oct 28 19:30:20 PDT 2020","1","BatchId:298289;OriginalHitTemplateId:920937243;","3600","259200","Tue Nov 17 18:30:20 PST 2020","","","3FTF2T8WLSSNP0B7HX9YWZ2GMG89W2","A114SLF6QMZ0O7","Submitted","Wed Oct 28 19:34:17 PDT 2020","Wed Oct 28 19:34:19 PDT 2020","Sat Oct 31 19:34:19 PDT 2020","","","","2","0% (0/0)","0% (0/0)","0% (0/0)","post_35","! [ enter image description here][1 ]    [ 1 ] : http://i.stack.imgur.com/r5w3i.png  we moved the site from one domain to another domain .  but after moving , admin panel is not moving properly .  we changed the doamin name in core _ config_data  please give me some solution","clarq_35","can you please share your code ?","{}","",""
"33QQ60S6ASSQEI0VWZ62WGLAX63U0T","3MRHU529460XLAYUZ9Z60JVL7EKA2M","Significance of UNK tokens in model output","Given a post and clarification question, what information needs does the question encode that is not expressed overtly?","question answering, QA, clarification","$0.05","Wed Oct 28 19:30:20 PDT 2020","1","BatchId:298289;OriginalHitTemplateId:920937243;","3600","259200","Tue Nov 17 18:30:20 PST 2020","","","358UUM7WR0DE3L6S3618V43TZB57RL","A114SLF6QMZ0O7","Submitted","Wed Oct 28 19:34:37 PDT 2020","Wed Oct 28 19:34:46 PDT 2020","Sat Oct 31 19:34:46 PDT 2020","","","","9","0% (0/0)","0% (0/0)","0% (0/0)","post_36","i have deployed magento2 , phpmyadmin and xampp on a dedicated localhost server running windows 10 . everything is working fine and i have uploaded my entire catalogue etc .  i want to give other members of my team access to magento 2 so they can familiarise themselves with it before i deploy to a production environment .  what is the process i need to go through to give them access once i have edited their permissions ? any help would be much appreciated .","clarq_36","what do you mean by "" &ltunk&gt "" ?","{}","","4"
"3P4C70TRMRRK6WOM1N34QLC7RWZLGT","3MRHU529460XLAYUZ9Z60JVL7EKA2M","Significance of UNK tokens in model output","Given a post and clarification question, what information needs does the question encode that is not expressed overtly?","question answering, QA, clarification","$0.05","Wed Oct 28 19:30:20 PDT 2020","1","BatchId:298289;OriginalHitTemplateId:920937243;","3600","259200","Tue Nov 17 18:30:20 PST 2020","","","3TXD01ZLD5R90QGQ52Y6X363F8J4U2","A114SLF6QMZ0O7","Submitted","Wed Oct 28 19:31:41 PDT 2020","Wed Oct 28 19:32:11 PDT 2020","Sat Oct 31 19:32:11 PDT 2020","","","","30","0% (0/0)","0% (0/0)","0% (0/0)","post_37","i developed a simple admin panel for my magento theme ( i 'm back in magento ) and wanted to know how i can add a class html via descent in magento admin . e ' can add it through array ? if so , how can i do ?","clarq_37","do you want to create custom theme ?","{}","",""
"32CAVSKPCEZQL7LDSIA2AL4K2Y9U1W","3MRHU529460XLAYUZ9Z60JVL7EKA2M","Significance of UNK tokens in model output","Given a post and clarification question, what information needs does the question encode that is not expressed overtly?","question answering, QA, clarification","$0.05","Wed Oct 28 19:30:20 PDT 2020","1","BatchId:298289;OriginalHitTemplateId:920937243;","3600","259200","Tue Nov 17 18:30:20 PST 2020","","","34HJIJKLP669D55QAS8BTP8MTFS4VR","A114SLF6QMZ0O7","Submitted","Wed Oct 28 19:32:24 PDT 2020","Wed Oct 28 19:32:25 PDT 2020","Sat Oct 31 19:32:25 PDT 2020","","","","1","0% (0/0)","0% (0/0)","0% (0/0)","post_38","i 'm working on grouped products price now total price is calculated as  * * total price = product(a ) price x product(a ) quantity + product(b ) price x product ( ) quantity * *   i want some change in that calculation like this  * * total price = product(a ) price x product(a ) quantity x product(a ) carton + product(b ) price x product(b ) quantity x product(b ) carton * *   anyone can tell me where is code or how to do it","clarq_38","can you please share your code ?","{}","",""
"3MWOYZD5WVYYM9851JWR8MPYNDQONL","3MRHU529460XLAYUZ9Z60JVL7EKA2M","Significance of UNK tokens in model output","Given a post and clarification question, what information needs does the question encode that is not expressed overtly?","question answering, QA, clarification","$0.05","Wed Oct 28 19:30:20 PDT 2020","1","BatchId:298289;OriginalHitTemplateId:920937243;","3600","259200","Tue Nov 17 18:30:20 PST 2020","","","3YMTUJH0DTQU0D115X8WS7K1WUC4TB","A114SLF6QMZ0O7","Submitted","Wed Oct 28 19:31:36 PDT 2020","Wed Oct 28 19:31:38 PDT 2020","Sat Oct 31 19:31:38 PDT 2020","","","","2","0% (0/0)","0% (0/0)","0% (0/0)","post_39","i am trying to update price of product on product page . so i am updating the span of price by getting ` product price + my additional ` price but problem is when we use custom option . is there any ` event or plugin ` available using which can add our price at final even after custom option .  thank you ,","clarq_39","can you please share your code ?","{}","",""
"3HJ1EVZS2OTUFI7BBSTGT3WXTJJR3H","3MRHU529460XLAYUZ9Z60JVL7EKA2M","Significance of UNK tokens in model output","Given a post and clarification question, what information needs does the question encode that is not expressed overtly?","question answering, QA, clarification","$0.05","Wed Oct 28 19:30:30 PDT 2020","1","BatchId:298289;OriginalHitTemplateId:920937243;","3600","259200","Tue Nov 17 18:30:30 PST 2020","","","3YDTZAI2WYQTRTPS3EOMM1164BL14Z","A114SLF6QMZ0O7","Submitted","Wed Oct 28 19:34:19 PDT 2020","Wed Oct 28 19:34:21 PDT 2020","Sat Oct 31 19:34:21 PDT 2020","","","","2","0% (0/0)","0% (0/0)","0% (0/0)","post_40","there is a ` quantity box ` in each magento product page . i want to hide this quantity selector from out of stock product pages .  how should i do thad ?","clarq_40","do you want to remove the product ?","{}","",""
"3IYI9285WSA1UUKHWGV8KFE0PF2JCF","3MRHU529460XLAYUZ9Z60JVL7EKA2M","Significance of UNK tokens in model output","Given a post and clarification question, what information needs does the question encode that is not expressed overtly?","question answering, QA, clarification","$0.05","Wed Oct 28 19:30:20 PDT 2020","1","BatchId:298289;OriginalHitTemplateId:920937243;","3600","259200","Tue Nov 17 18:30:20 PST 2020","","","3WETL7AQWUI7XF774NLFFMMH2RU530","A114SLF6QMZ0O7","Submitted","Wed Oct 28 19:34:54 PDT 2020","Wed Oct 28 19:34:55 PDT 2020","Sat Oct 31 19:34:55 PDT 2020","","","","1","0% (0/0)","0% (0/0)","0% (0/0)","post_41","i have magrate magento 2 website from subdomain to root . after migration user ca nt logged into the account but admin is working fine .  if user clear the cache and try to login , login works fine but when the cookies expire it wo nt work .  everything look perfect but do nt know what can be the issue .","clarq_41","can you please share the error log ?","{}","",""
"3ROUCZ907F4G4U8H2YW4NBP3DNVOO0","3MRHU529460XLAYUZ9Z60JVL7EKA2M","Significance of UNK tokens in model output","Given a post and clarification question, what information needs does the question encode that is not expressed overtly?","question answering, QA, clarification","$0.05","Wed Oct 28 19:30:22 PDT 2020","1","BatchId:298289;OriginalHitTemplateId:920937243;","3600","259200","Tue Nov 17 18:30:22 PST 2020","","","3R8YZBNQ9ISERKRSQRC8QETO3P37QK","A114SLF6QMZ0O7","Submitted","Wed Oct 28 19:34:32 PDT 2020","Wed Oct 28 19:34:37 PDT 2020","Sat Oct 31 19:34:37 PDT 2020","","","","5","0% (0/0)","0% (0/0)","0% (0/0)","post_42","in magento 2 , how to add a custom customer attributes in   checkout register page ?","clarq_42","do you want to do this in magento 2 ?","{}","",""
"3JU8CV4BRLMYPUKIHY9JCBUTNSROPH","3MRHU529460XLAYUZ9Z60JVL7EKA2M","Significance of UNK tokens in model output","Given a post and clarification question, what information needs does the question encode that is not expressed overtly?","question answering, QA, clarification","$0.05","Wed Oct 28 19:30:23 PDT 2020","1","BatchId:298289;OriginalHitTemplateId:920937243;","3600","259200","Tue Nov 17 18:30:23 PST 2020","","","3WYP994K1814WM49YROAXMWU7NZY6E","A114SLF6QMZ0O7","Submitted","Wed Oct 28 19:31:35 PDT 2020","Wed Oct 28 19:31:36 PDT 2020","Sat Oct 31 19:31:36 PDT 2020","","","","1","0% (0/0)","0% (0/0)","0% (0/0)","post_43","can anyone suggest me how to get the attribute value for products in magento , and where to use the coding in backend . i 'm totally new to this concept . please post the exact codings .      $ attribute= mage::getresourcemodel('catalog / product')->getattributerawvalue($product_id , ' attribute_code ' , $ storeid ) ;  these is the coding which i tried . instead of $ product_id i gave the number for the particular product i d . how to check , where it is working","clarq_43","can you please share your code ?","{}","",""
"36QZ6V1589NQFRK751PM6MRTSYMUSG","3MRHU529460XLAYUZ9Z60JVL7EKA2M","Significance of UNK tokens in model output","Given a post and clarification question, what information needs does the question encode that is not expressed overtly?","question answering, QA, clarification","$0.05","Wed Oct 28 19:30:24 PDT 2020","1","BatchId:298289;OriginalHitTemplateId:920937243;","3600","259200","Tue Nov 17 18:30:24 PST 2020","","","3F0BG9B9MQXN0MIEH1T230WQ2YJY7D","A114SLF6QMZ0O7","Submitted","Wed Oct 28 19:32:28 PDT 2020","Wed Oct 28 19:32:30 PDT 2020","Sat Oct 31 19:32:30 PDT 2020","","","","2","0% (0/0)","0% (0/0)","0% (0/0)","post_44","after successful installation when i run the admin url it 's giving me this . i 'm not sure what 's happening . so if anyone have any solution for this it will be great help .   [ ! [ image][1]][1 ]    [ 1 ] : https://i.stack.imgur.com/aussk.png","clarq_44","can you please share your code ?","{}","",""
"37J05LC5AXTBZMQVWCQJ4LWIAFEJDF","3MRHU529460XLAYUZ9Z60JVL7EKA2M","Significance of UNK tokens in model output","Given a post and clarification question, what information needs does the question encode that is not expressed overtly?","question answering, QA, clarification","$0.05","Wed Oct 28 19:30:30 PDT 2020","1","BatchId:298289;OriginalHitTemplateId:920937243;","3600","259200","Tue Nov 17 18:30:30 PST 2020","","","3LBXNTKX0S52E0GXR25KYIGNVIE9XV","A114SLF6QMZ0O7","Submitted","Wed Oct 28 19:34:21 PDT 2020","Wed Oct 28 19:34:23 PDT 2020","Sat Oct 31 19:34:23 PDT 2020","","","","2","0% (0/0)","0% (0/0)","0% (0/0)","post_45","i am using this data - migration - tool ,  when i migrate from magento 1.9.3.2 to magento 2.3,getting below error ,  sqlstate[23000 ] : integrity constraint violation : 1062 duplicate entry ' 1 ' for key ' sales_order_increment_id_store_id '  i tried many times upload fresh db , still getting this issue","clarq_45","can you please share your code ?","{}","",""
"32LAQ1JNT9ZRURXMU1UCGRNFUH0UT5","3MRHU529460XLAYUZ9Z60JVL7EKA2M","Significance of UNK tokens in model output","Given a post and clarification question, what information needs does the question encode that is not expressed overtly?","question answering, QA, clarification","$0.05","Wed Oct 28 19:30:24 PDT 2020","1","BatchId:298289;OriginalHitTemplateId:920937243;","3600","259200","Tue Nov 17 18:30:24 PST 2020","","","3VNXK88KKDSAABB2RN42AXJ2F769VS","A114SLF6QMZ0O7","Submitted","Wed Oct 28 19:34:11 PDT 2020","Wed Oct 28 19:34:13 PDT 2020","Sat Oct 31 19:34:13 PDT 2020","","","","2","0% (0/0)","0% (0/0)","0% (0/0)","post_46","i tried using instafeed.js from http://instafeedjs.com/ to show an instagram feed using a particular hashtag right before the footer on my homepage .  i added the file instafeed.min.js to my default / theme / js  i created a static block called instafeed with the content                var feed = new instafeed ( {              get : ' tagged ' ,              tagname : ' awesome ' ,              clientid : ' my client id '          } ) ;          feed.run ( ) ;        then to the homepage layout xml i added             instafeed        is this the correct way to integrate ?","clarq_46","can you share your code ?","{}","",""
"388CL5C1RJXY6SJXLTLMBLO86WCLHS","3MRHU529460XLAYUZ9Z60JVL7EKA2M","Significance of UNK tokens in model output","Given a post and clarification question, what information needs does the question encode that is not expressed overtly?","question answering, QA, clarification","$0.05","Wed Oct 28 19:30:24 PDT 2020","1","BatchId:298289;OriginalHitTemplateId:920937243;","3600","259200","Tue Nov 17 18:30:24 PST 2020","","","3HMIGG0U4MGR00NXR6L8H0SLDIPY80","A114SLF6QMZ0O7","Submitted","Wed Oct 28 19:32:32 PDT 2020","Wed Oct 28 19:32:33 PDT 2020","Sat Oct 31 19:32:33 PDT 2020","","","","1","0% (0/0)","0% (0/0)","0% (0/0)","post_47","i have problem with adding block inside another block ..  my code :                                                                 then when i call ` $ this->getchildhtml ( ) ; ` in login.phtml i do not see this view .  any help ?","clarq_47","can you please share your code ?","{}","",""
"38LRF35D5L6MVAZSFMOLYEJH0INU3O","3MRHU529460XLAYUZ9Z60JVL7EKA2M","Significance of UNK tokens in model output","Given a post and clarification question, what information needs does the question encode that is not expressed overtly?","question answering, QA, clarification","$0.05","Wed Oct 28 19:30:26 PDT 2020","1","BatchId:298289;OriginalHitTemplateId:920937243;","3600","259200","Tue Nov 17 18:30:26 PST 2020","","","3F6HPJW4JEACPGQ8WOUJMCU2GAY2W3","A114SLF6QMZ0O7","Submitted","Wed Oct 28 19:33:48 PDT 2020","Wed Oct 28 19:33:51 PDT 2020","Sat Oct 31 19:33:51 PDT 2020","","","","3","0% (0/0)","0% (0/0)","0% (0/0)","post_48","i have magento 1.9.3.8 and i want to set a different shipping price for each state / province i tried to configure it from dashboard but i could n't ,   any solution for this ?","clarq_48","do you want to remove the price ?","{}","",""
"3C8QQOM6JPBY2NUHRB37BXPN69RLIL","3MRHU529460XLAYUZ9Z60JVL7EKA2M","Significance of UNK tokens in model output","Given a post and clarification question, what information needs does the question encode that is not expressed overtly?","question answering, QA, clarification","$0.05","Wed Oct 28 19:30:24 PDT 2020","1","BatchId:298289;OriginalHitTemplateId:920937243;","3600","259200","Tue Nov 17 18:30:24 PST 2020","","","3LUY3GC630ATR8QDQEXJQ93EYTH7PT","A114SLF6QMZ0O7","Submitted","Wed Oct 28 19:34:07 PDT 2020","Wed Oct 28 19:34:09 PDT 2020","Sat Oct 31 19:34:09 PDT 2020","","","","2","0% (0/0)","0% (0/0)","0% (0/0)","post_49","i am trying to override the content on /requisition_list / requisition / index/ in the account pages . i have created the following structure in my theme :  magento_requisitionlist    frontend      templates        requisition          actions            create.phtml  but the changes are not visible on the front end . i have verified the template using by enabling theme hints , tried running setup : di : compile , flushed the cache , cleaned the cache , verified file permissions , etc . without no luck .  how can override content on this page ?","clarq_49","can you please share your code ?","{}","",""