"HITId","HITTypeId","Title","Description","Keywords","Reward","CreationTime","MaxAssignments","RequesterAnnotation","AssignmentDurationInSeconds","AutoApprovalDelayInSeconds","Expiration","NumberOfSimilarHITs","LifetimeInSeconds","AssignmentId","WorkerId","AssignmentStatus","AcceptTime","SubmitTime","AutoApprovalTime","ApprovalTime","RejectionTime","RequesterFeedback","WorkTimeInSeconds","LifetimeApprovalRate","Last30DaysApprovalRate","Last7DaysApprovalRate","Input.input_meta","Input.input_text","Input.clarq_meta","Input.clarq_text","Answer.Comments","Answer.information_need_code","Answer.information_need_rephrase","Answer.information_need_results","Approve","Reject"
"3CESM1J3EIDYKXBFTO1KN5GYVQFW6C","3MRHU529460XLAYUZ9Z60JVL7EKA2M","Significance of UNK tokens in model output","Given a post and clarification question, what information needs does the question encode that is not expressed overtly?","question answering, QA, clarification","$0.05","Thu Oct 29 12:28:28 PDT 2020","1","BatchId:298377;OriginalHitTemplateId:920937243;","3600","259200","Wed Nov 18 11:28:28 PST 2020","","","3R9WASFE20Q0K57PV6TX5ZI96G8ZFB","A114SLF6QMZ0O7","Submitted","Thu Oct 29 12:36:01 PDT 2020","Thu Oct 29 12:36:04 PDT 2020","Sun Nov 01 11:36:04 PST 2020","","","","3","0% (0/0)","0% (0/0)","0% (0/0)","post_0","when i am clicking on * * add to cart * * button then product was added to my cart and mini - cart count also updated but loader on mini - cart showing always .  [ ! [ enter image description here][1]][1 ]  after refreshing my page mini - cart shows updated count .  [ ! [ enter image description here][2]][2 ]  what should i do to remove that loader after mini - cart count update ?    [ 1 ] : https://i.stack.imgur.com/oyiqr.png    [ 2 ] : https://i.stack.imgur.com/ob2dx.png","clarq_0","can you share your .blend file ?","{}","","",""
"3VGET1QSZ09HOXPKCY6CTJGUQ1ZW7B","3MRHU529460XLAYUZ9Z60JVL7EKA2M","Significance of UNK tokens in model output","Given a post and clarification question, what information needs does the question encode that is not expressed overtly?","question answering, QA, clarification","$0.05","Thu Oct 29 12:28:28 PDT 2020","1","BatchId:298377;OriginalHitTemplateId:920937243;","3600","259200","Wed Nov 18 11:28:28 PST 2020","","","3VNXK88KKDSAABB2RN42AXJ2F77V9F","A114SLF6QMZ0O7","Submitted","Thu Oct 29 12:29:42 PDT 2020","Thu Oct 29 12:29:49 PDT 2020","Sun Nov 01 11:29:49 PST 2020","","","","7","0% (0/0)","0% (0/0)","0% (0/0)","post_1","i am trying to find where i did mistake when i search abc in catalog search tab . the link * * local.xyz.com/abc.html * * redirect to www.xyz.com/abc.html .  do n't know where i did mistake , i already changed the url rewrite manage ment and reindex in and remove cache but same issue occur .","clarq_1","what do you mean by ` &ltunk&gt ` ?","{}","","4",""
"3SZYX62S5GANBEA0GXJ33J3H64W574","3MRHU529460XLAYUZ9Z60JVL7EKA2M","Significance of UNK tokens in model output","Given a post and clarification question, what information needs does the question encode that is not expressed overtly?","question answering, QA, clarification","$0.05","Thu Oct 29 12:28:28 PDT 2020","1","BatchId:298377;OriginalHitTemplateId:920937243;","3600","259200","Wed Nov 18 11:28:28 PST 2020","","","3G5F9DBFOQ73PHTLPZSUNEHQYKFVH5","A114SLF6QMZ0O7","Submitted","Thu Oct 29 12:35:55 PDT 2020","Thu Oct 29 12:35:57 PDT 2020","Sun Nov 01 11:35:57 PST 2020","","","","2","0% (0/0)","0% (0/0)","0% (0/0)","post_2","hello i am new on the magento 2 . suddenly i got the error when new user come on the site and try to register after filling information it is showing error as "" we ca n't save the customer ""   . i am not able to understand why this is happening suddenly on my website . please let me know and suggest me any relevant answer for this query . my website url is http://54.67.81.223/viewsonicstore  thanks in advance","clarq_2","can you share your code ?","{}","","",""
"3E9VAUV7BWO3W4IIY20KO7302H5YA3","3MRHU529460XLAYUZ9Z60JVL7EKA2M","Significance of UNK tokens in model output","Given a post and clarification question, what information needs does the question encode that is not expressed overtly?","question answering, QA, clarification","$0.05","Thu Oct 29 12:28:28 PDT 2020","1","BatchId:298377;OriginalHitTemplateId:920937243;","3600","259200","Wed Nov 18 11:28:28 PST 2020","","","354P56DE9LDQ4065IV1DLE8PLDPS7V","A114SLF6QMZ0O7","Submitted","Thu Oct 29 12:30:48 PDT 2020","Thu Oct 29 12:30:52 PDT 2020","Sun Nov 01 11:30:52 PST 2020","","","","4","0% (0/0)","0% (0/0)","0% (0/0)","post_3","on the category page i have an attribute showing values , that attribute can have multiple values and will show all te values separated by comma 's . is there a way to get the highest value from the attribute and also the lowest ?  what is have to display the values :      getresource()->getattribute('scherm_breedte')->getfrontend()->getvalue($_product ) ) : ? >        breedte : getresource()->getattribute('scherm_breedte')->getfrontend()->getvalue($_product ) ; ? >     regards ,  robert","clarq_3","what do you mean by ` &ltunk&gt ` ?","{}","","4",""
"3WRBLBQ2GRI790Z0CUHLS1KJOZ40GH","3MRHU529460XLAYUZ9Z60JVL7EKA2M","Significance of UNK tokens in model output","Given a post and clarification question, what information needs does the question encode that is not expressed overtly?","question answering, QA, clarification","$0.05","Thu Oct 29 12:28:28 PDT 2020","1","BatchId:298377;OriginalHitTemplateId:920937243;","3600","259200","Wed Nov 18 11:28:28 PST 2020","","","3QIYRE09Y4RFD1ZYLJ3ILA76VSI1NW","A114SLF6QMZ0O7","Submitted","Thu Oct 29 12:31:20 PDT 2020","Thu Oct 29 12:31:31 PDT 2020","Sun Nov 01 11:31:31 PST 2020","","","","11","0% (0/0)","0% (0/0)","0% (0/0)","post_4","how can i get all the available colors of a single product in magento 2 ?","clarq_4","what do you mean by "" &ltunk&gt "" ?","{}","","4",""
"3X2LT8FDHWSLOBU3M3YI7JCP1L5W8Y","3MRHU529460XLAYUZ9Z60JVL7EKA2M","Significance of UNK tokens in model output","Given a post and clarification question, what information needs does the question encode that is not expressed overtly?","question answering, QA, clarification","$0.05","Thu Oct 29 12:28:28 PDT 2020","1","BatchId:298377;OriginalHitTemplateId:920937243;","3600","259200","Wed Nov 18 11:28:28 PST 2020","","","30X31N5D6408N243PYDXV5AFMLVSAM","A114SLF6QMZ0O7","Submitted","Thu Oct 29 12:33:37 PDT 2020","Thu Oct 29 12:33:45 PDT 2020","Sun Nov 01 11:33:45 PST 2020","","","","8","0% (0/0)","0% (0/0)","0% (0/0)","post_5","i have just upgraded my magento site from 1.7.0.2 to latest version and when i visit my frontend , it is working fine but when i try to open admin panel , it shows nothing and display white screen .  i used following in index.php file to see any error but nothing is appearing still .      error_reporting(e_all ) ;      ini_set('display_errors ' , 1 ) ;  please help me","clarq_5","did you try ` &ltunk&gt ` ?","{}","0","",""
"3EGKVCRQFW28FENA4G0GJIN6KZQYBY","3MRHU529460XLAYUZ9Z60JVL7EKA2M","Significance of UNK tokens in model output","Given a post and clarification question, what information needs does the question encode that is not expressed overtly?","question answering, QA, clarification","$0.05","Thu Oct 29 12:28:28 PDT 2020","1","BatchId:298377;OriginalHitTemplateId:920937243;","3600","259200","Wed Nov 18 11:28:28 PST 2020","","","3SLE99ER0ONA7OV9Q471M9RORIGZBT","A114SLF6QMZ0O7","Submitted","Thu Oct 29 12:35:11 PDT 2020","Thu Oct 29 12:35:13 PDT 2020","Sun Nov 01 11:35:13 PST 2020","","","","2","0% (0/0)","0% (0/0)","0% (0/0)","post_6","* * how to define url in jquery in magento 2 . i have get all the form data afte the form submit , but need to pass this to controller , so how do i declare url in js * *","clarq_6","do you want to do this ?","{}","","",""
"3NSCTNUR2ZX5UG8YN0VNDA577C2A50","3MRHU529460XLAYUZ9Z60JVL7EKA2M","Significance of UNK tokens in model output","Given a post and clarification question, what information needs does the question encode that is not expressed overtly?","question answering, QA, clarification","$0.05","Thu Oct 29 12:28:28 PDT 2020","1","BatchId:298377;OriginalHitTemplateId:920937243;","3600","259200","Wed Nov 18 11:28:28 PST 2020","","","3M81GAB8A1T1TWUI38OOVGFKMFVQBQ","A114SLF6QMZ0O7","Submitted","Thu Oct 29 12:35:43 PDT 2020","Thu Oct 29 12:35:48 PDT 2020","Sun Nov 01 11:35:48 PST 2020","","","","5","0% (0/0)","0% (0/0)","0% (0/0)","post_7","i want to * * random 5 category * * but not luck for me  i have use below code      $ categoryfactory = $ objectmanager->create('magento\catalog\model\resourcemodel\category\collectionfactory ' ) ;      $ categories = $ categoryfactory->create()->addattributetoselect('*')->setpagesize(5)->getselect()->orderrand ( ) ;  * * but order random not working for me * *","clarq_7","what do you mean by "" $ &ltunk&gt "" ?","{}","","4",""
"3FVBZG9CLJOL9WUBW0Z3D1WK3ZH0HG","3MRHU529460XLAYUZ9Z60JVL7EKA2M","Significance of UNK tokens in model output","Given a post and clarification question, what information needs does the question encode that is not expressed overtly?","question answering, QA, clarification","$0.05","Thu Oct 29 12:28:28 PDT 2020","1","BatchId:298377;OriginalHitTemplateId:920937243;","3600","259200","Wed Nov 18 11:28:28 PST 2020","","","34PGFRQONPLCVCOG390BLTGJILLWJL","A114SLF6QMZ0O7","Submitted","Thu Oct 29 12:31:01 PDT 2020","Thu Oct 29 12:31:08 PDT 2020","Sun Nov 01 11:31:08 PST 2020","","","","7","0% (0/0)","0% (0/0)","0% (0/0)","post_8","warning : domdocument::loadxml ( ) : empty string supplied as input in c:\xampp\htdocs\magento2\vendor\magento\module - config\model\config\structure\reader.php on line 132","clarq_8","what do you mean by ` &ltunk&gt ` ?","{}","","4",""
"3UL5XDRDNCTRBSFJQ2B9HJZCHO258R","3MRHU529460XLAYUZ9Z60JVL7EKA2M","Significance of UNK tokens in model output","Given a post and clarification question, what information needs does the question encode that is not expressed overtly?","question answering, QA, clarification","$0.05","Thu Oct 29 12:28:28 PDT 2020","1","BatchId:298377;OriginalHitTemplateId:920937243;","3600","259200","Wed Nov 18 11:28:28 PST 2020","","","3HFNH7HEMIOXKD2TJUG2WR6H2SNQG7","A114SLF6QMZ0O7","Submitted","Thu Oct 29 12:36:18 PDT 2020","Thu Oct 29 12:36:21 PDT 2020","Sun Nov 01 11:36:21 PST 2020","","","","3","0% (0/0)","0% (0/0)","0% (0/0)","post_9","i have a magento event ` ' payment_method_is_active ' ` and i want to call event with ajax . how can i do ?","clarq_9","what do you mean by "" &ltunk&gt "" ?","{}","","4",""
"386T3MLZLN5SGLTITW5X0O3L0GR809","3MRHU529460XLAYUZ9Z60JVL7EKA2M","Significance of UNK tokens in model output","Given a post and clarification question, what information needs does the question encode that is not expressed overtly?","question answering, QA, clarification","$0.05","Thu Oct 29 12:28:28 PDT 2020","1","BatchId:298377;OriginalHitTemplateId:920937243;","3600","259200","Wed Nov 18 11:28:28 PST 2020","","","3OVR4I9USQTH8X99OTE1N29ECNEQ4K","A114SLF6QMZ0O7","Submitted","Thu Oct 29 12:29:35 PDT 2020","Thu Oct 29 12:29:38 PDT 2020","Sun Nov 01 11:29:38 PST 2020","","","","3","0% (0/0)","0% (0/0)","0% (0/0)","post_10","i have created a link in account dashboard it is visible as shown in screen  shot below  http://www.awesomescreenshot.com/image/2552807/2ab6b42e8987aaeb6e254a81c27e202a  when i click on the link it is showing just like these in the screen shot below  http://www.awesomescreenshot.com/image/2552811/5e81668539016e4f9622033455c999d0  but i need on clicking my custom link i need show the content as shown in the  screen shot below  http://www.awesomescreenshot.com/image/2552815/afa2f32d0f2be63d2596e75ae53626c1  please can anyone help me  thanks in advance .","clarq_10","can you add the code ?","{}","","",""
"3FBEFUUYRKF1DK8CSJ5S5GJ737DA6G","3MRHU529460XLAYUZ9Z60JVL7EKA2M","Significance of UNK tokens in model output","Given a post and clarification question, what information needs does the question encode that is not expressed overtly?","question answering, QA, clarification","$0.05","Thu Oct 29 12:28:28 PDT 2020","1","BatchId:298377;OriginalHitTemplateId:920937243;","3600","259200","Wed Nov 18 11:28:28 PST 2020","","","3M23Y66PO3H700S0ZLWLF08TQ25S6W","A114SLF6QMZ0O7","Submitted","Thu Oct 29 12:29:53 PDT 2020","Thu Oct 29 12:29:56 PDT 2020","Sun Nov 01 11:29:56 PST 2020","","","","3","0% (0/0)","0% (0/0)","0% (0/0)","post_11","i 'm very new to magento , i have magento_2.3-ee , i 'm using ubuntu-16.4 , i created a virtual host , extract magento_2.3 folder in it , now when i type and hit url ` mg.local ` , i get blank white page ...  also when i type this command to switch to developer mode ` sudo php bin / magento deploy : mode : set developer ` i get this error ` there are no commands defined in the "" deploy : mode "" namespace . `  thanks in advance .","clarq_11","did you try ` sudo apt - get ` ?","{}","","",""
"37SDSEDIN9CSNAE0PF9XETMV58X81C","3MRHU529460XLAYUZ9Z60JVL7EKA2M","Significance of UNK tokens in model output","Given a post and clarification question, what information needs does the question encode that is not expressed overtly?","question answering, QA, clarification","$0.05","Thu Oct 29 12:28:28 PDT 2020","1","BatchId:298377;OriginalHitTemplateId:920937243;","3600","259200","Wed Nov 18 11:28:28 PST 2020","","","3300DTYQT3RZ0Z62DZQEWOL5PC8QEQ","A114SLF6QMZ0O7","Submitted","Thu Oct 29 12:36:04 PDT 2020","Thu Oct 29 12:36:06 PDT 2020","Sun Nov 01 11:36:06 PST 2020","","","","2","0% (0/0)","0% (0/0)","0% (0/0)","post_12","i 've added an image to my home page and when i preview the home page from cms pages in the admin the image is responsive .  when i click on my logo the page is then fully responsive all except the image ?  the url ends index.php/home when i preview from the cms pages panel and when i click the logo the home url key is gone ?","clarq_12","can you post your code ?","{}","","",""
"3N3WJQXELS0UR2GF28IFOHI6HEA2L9","3MRHU529460XLAYUZ9Z60JVL7EKA2M","Significance of UNK tokens in model output","Given a post and clarification question, what information needs does the question encode that is not expressed overtly?","question answering, QA, clarification","$0.05","Thu Oct 29 12:28:28 PDT 2020","1","BatchId:298377;OriginalHitTemplateId:920937243;","3600","259200","Wed Nov 18 11:28:28 PST 2020","","","39JEC7537VBC89I537ETCNKALSAVCW","A114SLF6QMZ0O7","Submitted","Thu Oct 29 12:33:34 PDT 2020","Thu Oct 29 12:33:36 PDT 2020","Sun Nov 01 11:33:36 PST 2020","","","","2","0% (0/0)","0% (0/0)","0% (0/0)","post_13","i want to put attribute selection at the time of creating simple product like "" configurable product "" . when admin select attributes only those attribute can be display at the time of product creation from admin panel . so how can i achieve this functionality . any idea and help will be appreciate .  i am using magento version : 1.9.3.4 .","clarq_13","do you want to create a custom file ?","{}","","",""
"3YD0MU1NC2BKHKMHBTAKBUJ3YIXA7F","3MRHU529460XLAYUZ9Z60JVL7EKA2M","Significance of UNK tokens in model output","Given a post and clarification question, what information needs does the question encode that is not expressed overtly?","question answering, QA, clarification","$0.05","Thu Oct 29 12:28:28 PDT 2020","1","BatchId:298377;OriginalHitTemplateId:920937243;","3600","259200","Wed Nov 18 11:28:28 PST 2020","","","3IUZPWIU1PH76WUYLU0NM8GWXALWKK","A114SLF6QMZ0O7","Submitted","Thu Oct 29 12:33:02 PDT 2020","Thu Oct 29 12:33:21 PDT 2020","Sun Nov 01 11:33:21 PST 2020","","","","19","0% (0/0)","0% (0/0)","0% (0/0)","post_14","is there a quick way to check the name of an object . for example , if i do ...      $ product = mage::getmodel('catalog / product')- > ... ;  how can i get check to see it is a ` mage_catalog_model_product ` for ` $ product ` ?","clarq_14","what do you mean by ` &ltunk&gt ` ?","{}","","4",""
"39N6W9XWRDX46VVLK2SUKTE30CIYGF","3MRHU529460XLAYUZ9Z60JVL7EKA2M","Significance of UNK tokens in model output","Given a post and clarification question, what information needs does the question encode that is not expressed overtly?","question answering, QA, clarification","$0.05","Thu Oct 29 12:28:47 PDT 2020","1","BatchId:298377;OriginalHitTemplateId:920937243;","3600","259200","Wed Nov 18 11:28:47 PST 2020","","","3NS0A6KXC5I6Y53K6QZFNKIL7V8ZGA","A114SLF6QMZ0O7","Submitted","Thu Oct 29 12:36:21 PDT 2020","Thu Oct 29 12:36:26 PDT 2020","Sun Nov 01 11:36:26 PST 2020","","","","5","0% (0/0)","0% (0/0)","0% (0/0)","post_15","i installed ` magento2.2 ` . after installing when i visit the site , it shows  > 500 internal server error  the same for admin section as well .  i removed my .htaccess from root folder and tried . this time around front end loads without ` css ` and ` js ` , but admin section shows  > 404 not found  can someone help ?  i referred below but no luck .  https://magento.stackexchange.com/questions/106838/css-and-admin-panel-not-working-in-magento-2-community-edition","clarq_15","did you try ` &ltunk&gt ` ?","{}","0","",""
"356TQKY9XF76YWT2EVQ6F3D88UX879","3MRHU529460XLAYUZ9Z60JVL7EKA2M","Significance of UNK tokens in model output","Given a post and clarification question, what information needs does the question encode that is not expressed overtly?","question answering, QA, clarification","$0.05","Thu Oct 29 12:28:47 PDT 2020","1","BatchId:298377;OriginalHitTemplateId:920937243;","3600","259200","Wed Nov 18 11:28:47 PST 2020","","","3M1CVSFP61FWAMPQXUOS05VE4XAQAV","A114SLF6QMZ0O7","Submitted","Thu Oct 29 12:35:30 PDT 2020","Thu Oct 29 12:35:33 PDT 2020","Sun Nov 01 11:35:33 PST 2020","","","","3","0% (0/0)","0% (0/0)","0% (0/0)","post_16","how can i add a label to checkout addresses fields ?  [ ! [ enter image description here][1]][1 ]    [ 1 ] : https://i.stack.imgur.com/ltvpd.png","clarq_16","what do you mean by "" &ltunk&gt "" ?","{}","","4",""
"3TLFH2L6Y9YIAFOKBHK6A8SNBRW2TC","3MRHU529460XLAYUZ9Z60JVL7EKA2M","Significance of UNK tokens in model output","Given a post and clarification question, what information needs does the question encode that is not expressed overtly?","question answering, QA, clarification","$0.05","Thu Oct 29 12:28:48 PDT 2020","1","BatchId:298377;OriginalHitTemplateId:920937243;","3600","259200","Wed Nov 18 11:28:48 PST 2020","","","34BBWHLWHBLG014ALRFB9S1J56WWI9","A114SLF6QMZ0O7","Submitted","Thu Oct 29 12:29:38 PDT 2020","Thu Oct 29 12:29:42 PDT 2020","Sun Nov 01 11:29:42 PST 2020","","","","4","0% (0/0)","0% (0/0)","0% (0/0)","post_17","tried to add the following code to add validation for street , but it 's not work . how to add the validation for street ? thanks .                                             true","clarq_17","what do you mean by "" &ltunk&gt "" ?","{}","","4",""
"36D1BWBEHNBEXKY02KJUOUXVHJ02MB","3MRHU529460XLAYUZ9Z60JVL7EKA2M","Significance of UNK tokens in model output","Given a post and clarification question, what information needs does the question encode that is not expressed overtly?","question answering, QA, clarification","$0.05","Thu Oct 29 12:28:34 PDT 2020","1","BatchId:298377;OriginalHitTemplateId:920937243;","3600","259200","Wed Nov 18 11:28:34 PST 2020","","","386CSBG1O0WVNKDN7H7GK0TS8EKQ65","A114SLF6QMZ0O7","Submitted","Thu Oct 29 12:31:16 PDT 2020","Thu Oct 29 12:31:19 PDT 2020","Sun Nov 01 11:31:19 PST 2020","","","","3","0% (0/0)","0% (0/0)","0% (0/0)","post_18","i 've just made a module with a controller and routes , the page loads fine and some head elements are present ... however they are no blocks on the page - is this normal ? why does n't default.xml layout apply to this page ( defined in other places )  i have no layout files in this module yet .","clarq_18","what do you mean by "" &ltunk&gt "" ?","{}","","4",""
"3GITHABACYVKF2J0ELYU19MVM9A2NB","3MRHU529460XLAYUZ9Z60JVL7EKA2M","Significance of UNK tokens in model output","Given a post and clarification question, what information needs does the question encode that is not expressed overtly?","question answering, QA, clarification","$0.05","Thu Oct 29 12:28:34 PDT 2020","1","BatchId:298377;OriginalHitTemplateId:920937243;","3600","259200","Wed Nov 18 11:28:34 PST 2020","","","3X31TUMD7YWPP1WD96N38I3HQXI1LU","A114SLF6QMZ0O7","Submitted","Thu Oct 29 12:30:59 PDT 2020","Thu Oct 29 12:31:01 PDT 2020","Sun Nov 01 11:31:01 PST 2020","","","","2","0% (0/0)","0% (0/0)","0% (0/0)","post_19","in my magneto mobile homepage . featured product slider not working properly .  when i add this code to my mobile_homepage static block it will work only once . when i try to add another category with this code . slider is not working . it will show product big images . url ( test.blingers.in )  {{block type=""mpanel / products "" products_count=""10 "" title=""school uniform "" category_id=""377 "" template=""cms / home / featured_products.phtml""}}","clarq_19","can you share your code ?","{}","","",""
"3AQN9REUTFQ1UBLUICRME8B6NK2YD5","3MRHU529460XLAYUZ9Z60JVL7EKA2M","Significance of UNK tokens in model output","Given a post and clarification question, what information needs does the question encode that is not expressed overtly?","question answering, QA, clarification","$0.05","Thu Oct 29 12:28:34 PDT 2020","1","BatchId:298377;OriginalHitTemplateId:920937243;","3600","259200","Wed Nov 18 11:28:34 PST 2020","","","3EJPLAJKENQ41CEEUDQTBT5WDH5Z68","A114SLF6QMZ0O7","Submitted","Thu Oct 29 12:31:12 PDT 2020","Thu Oct 29 12:31:14 PDT 2020","Sun Nov 01 11:31:14 PST 2020","","","","2","0% (0/0)","0% (0/0)","0% (0/0)","post_20","how to get product i d but this product in which category and this category how to get product i d i want to set entity i d thru get category i d please say any way   .. :) advance thank you .. please help me ..","clarq_20","what do you want to achieve ?","{}","","",""
"3GS542CVJVXRPXYTVUHNHFUN1UK59G","3MRHU529460XLAYUZ9Z60JVL7EKA2M","Significance of UNK tokens in model output","Given a post and clarification question, what information needs does the question encode that is not expressed overtly?","question answering, QA, clarification","$0.05","Thu Oct 29 12:28:35 PDT 2020","1","BatchId:298377;OriginalHitTemplateId:920937243;","3600","259200","Wed Nov 18 11:28:35 PST 2020","","","3J4Q2Z4UTZDTHZSTYZKKIUS5WGDWQC","A114SLF6QMZ0O7","Submitted","Thu Oct 29 12:35:48 PDT 2020","Thu Oct 29 12:35:54 PDT 2020","Sun Nov 01 11:35:54 PST 2020","","","","6","0% (0/0)","0% (0/0)","0% (0/0)","post_21","i tried to follow steps according to this link : https://magecomp.com/blog/add-custom-tab-in-customer-account-section-magento-2/  but nothing added , could anybody help me please ?","clarq_21","what do you mean by "" &ltunk&gt "" ?","{}","","4",""
"3TC2K6WK9GCZCVWW8J9BJCW0XEB82T","3MRHU529460XLAYUZ9Z60JVL7EKA2M","Significance of UNK tokens in model output","Given a post and clarification question, what information needs does the question encode that is not expressed overtly?","question answering, QA, clarification","$0.05","Thu Oct 29 12:28:35 PDT 2020","1","BatchId:298377;OriginalHitTemplateId:920937243;","3600","259200","Wed Nov 18 11:28:35 PST 2020","","","3LEIZ60CDK9RJVGCSKT5V3WY3IDZ9J","A114SLF6QMZ0O7","Submitted","Thu Oct 29 12:32:57 PDT 2020","Thu Oct 29 12:33:02 PDT 2020","Sun Nov 01 11:33:02 PST 2020","","","","5","0% (0/0)","0% (0/0)","0% (0/0)","post_22","i want to show some extra data on product list page so i override the vendor\magento\module - catalog\block\product\listproduct.php . for this i refer http://magento.stackexchange.com/questions/96642/add-custom-block-on-listing-page-magento2 . it work .  but i need to call my helper function in my override block file . created new file name listproduct.php in app\code\vendor\module_name\block\product      namespace vendor\module_name\block\product ;       class listproduct extends \magento\catalog\block\product\listproduct       {        // i need to call my module helper function here :           public function test ( ) {            }       }  how can i call my helper function inside this block file . thanks","clarq_22","can you post your code ?","{}","","",""
"3LAZVA75NI12XNJCF0Y7GYM0CJF2OQ","3MRHU529460XLAYUZ9Z60JVL7EKA2M","Significance of UNK tokens in model output","Given a post and clarification question, what information needs does the question encode that is not expressed overtly?","question answering, QA, clarification","$0.05","Thu Oct 29 12:28:35 PDT 2020","1","BatchId:298377;OriginalHitTemplateId:920937243;","3600","259200","Wed Nov 18 11:28:35 PST 2020","","","3GNA64GUZFEZ4GD92YXBSUFSCJ9Q5P","A114SLF6QMZ0O7","Submitted","Thu Oct 29 12:29:50 PDT 2020","Thu Oct 29 12:29:53 PDT 2020","Sun Nov 01 11:29:53 PST 2020","","","","3","0% (0/0)","0% (0/0)","0% (0/0)","post_23","4444333322221111 //   here how to get a value dynamically            what is the format of get a value dynamically in xml field","clarq_23","what do you mean by "" &ltunk&gt "" ?","{}","","4",""
"30Z7M1Q8UYUOHYR0LY2QPUFY923A82","3MRHU529460XLAYUZ9Z60JVL7EKA2M","Significance of UNK tokens in model output","Given a post and clarification question, what information needs does the question encode that is not expressed overtly?","question answering, QA, clarification","$0.05","Thu Oct 29 12:28:35 PDT 2020","1","BatchId:298377;OriginalHitTemplateId:920937243;","3600","259200","Wed Nov 18 11:28:35 PST 2020","","","3X4MXAO0BHYTT07TBE9KNK2AS2FWRD","A114SLF6QMZ0O7","Submitted","Thu Oct 29 12:36:11 PDT 2020","Thu Oct 29 12:36:13 PDT 2020","Sun Nov 01 11:36:13 PST 2020","","","","2","0% (0/0)","0% (0/0)","0% (0/0)","post_24","i created sub - store and displayed all products on all new stores as :  go to your manage products page , click select all , change the action dropdown to say "" change attributes "" and click submit . then , on the websites tab , make sure your new site is checked in the "" add product to websites "" area , and click save .  requirement : all set well but products images are not displaying same like main website . hoe to display images on product - list and product - detail pages ?","clarq_24","do you want to do this ?","{}","","",""
"3NSCTNUR2ZX5UG8YN0VNDA577C25AV","3MRHU529460XLAYUZ9Z60JVL7EKA2M","Significance of UNK tokens in model output","Given a post and clarification question, what information needs does the question encode that is not expressed overtly?","question answering, QA, clarification","$0.05","Thu Oct 29 12:28:35 PDT 2020","1","BatchId:298377;OriginalHitTemplateId:920937243;","3600","259200","Wed Nov 18 11:28:35 PST 2020","","","3XLBSAQ9Z5MN5CSJDNVLH75S8SPZ77","A114SLF6QMZ0O7","Submitted","Thu Oct 29 12:31:32 PDT 2020","Thu Oct 29 12:31:34 PDT 2020","Sun Nov 01 11:31:34 PST 2020","","","","2","0% (0/0)","0% (0/0)","0% (0/0)","post_25","hello i m new to magento and not so familiar with magento i have requirement assign a category to new products automatically  thanks in advance for help","clarq_25","what do you want to achieve ?","{}","","",""
"3D1UCPY6GGJOXDSFCJNG2M1S3SB834","3MRHU529460XLAYUZ9Z60JVL7EKA2M","Significance of UNK tokens in model output","Given a post and clarification question, what information needs does the question encode that is not expressed overtly?","question answering, QA, clarification","$0.05","Thu Oct 29 12:28:35 PDT 2020","1","BatchId:298377;OriginalHitTemplateId:920937243;","3600","259200","Wed Nov 18 11:28:35 PST 2020","","","30BXRYBRP57G46TQF9XQ9G045THWHG","A114SLF6QMZ0O7","Submitted","Thu Oct 29 12:29:30 PDT 2020","Thu Oct 29 12:29:35 PDT 2020","Sun Nov 01 11:29:35 PST 2020","","","","5","0% (0/0)","0% (0/0)","0% (0/0)","post_26","i am struggling with an strange issue that when i enable the ` use flat catalog category ` from admin the front is starting giving the following error in chrome      no data received      unable to load the webpage because the server sent no data .      here are some suggestions :      reload this webpage later .      error 324 ( net::err_empty_response ) : the server closed the connection without sending any data .  and in mozzila - > nothing is displaying :'(  not getting this at all what is going on . any body any idea about this please help .","clarq_26","can you post the output of ` &ltunk&gt ` ?","{}","","","1"
"3DGDV62G7OJKINVDU0BM5YRQMOB2P7","3MRHU529460XLAYUZ9Z60JVL7EKA2M","Significance of UNK tokens in model output","Given a post and clarification question, what information needs does the question encode that is not expressed overtly?","question answering, QA, clarification","$0.05","Thu Oct 29 12:28:35 PDT 2020","1","BatchId:298377;OriginalHitTemplateId:920937243;","3600","259200","Wed Nov 18 11:28:35 PST 2020","","","3Y4W8Q93L0UMD1OJ3394WT2S6SMVDW","A114SLF6QMZ0O7","Submitted","Thu Oct 29 12:33:46 PDT 2020","Thu Oct 29 12:34:03 PDT 2020","Sun Nov 01 11:34:03 PST 2020","","","","17","0% (0/0)","0% (0/0)","0% (0/0)","post_27","when i am   changing store view , it affects the whole front end design of my site  how to fix it .","clarq_27","what do you mean by "" &ltunk&gt "" ?","{}","","4",""
"3JVP4ZJHDP2L5R5V2IHODDXZ3CW0I9","3MRHU529460XLAYUZ9Z60JVL7EKA2M","Significance of UNK tokens in model output","Given a post and clarification question, what information needs does the question encode that is not expressed overtly?","question answering, QA, clarification","$0.05","Thu Oct 29 12:28:35 PDT 2020","1","BatchId:298377;OriginalHitTemplateId:920937243;","3600","259200","Wed Nov 18 11:28:35 PST 2020","","","3NGI5ARFTUFFGMBB1YGAPZC1V7J1PS","A114SLF6QMZ0O7","Submitted","Thu Oct 29 12:35:33 PDT 2020","Thu Oct 29 12:35:35 PDT 2020","Sun Nov 01 11:35:35 PST 2020","","","","2","0% (0/0)","0% (0/0)","0% (0/0)","post_28","i am following this article(https://www.mageplaza.com / magento-2-module - development/ ) and creating a custom module in magento 2.2.0 but when i reach the step where i have to check my custom module in admin panel  store > > advanced > > advanced i do n't see anything there .  module.xml                          registration.php      < ? php      / * *       * created by phpstorm .       * user : iftikhar uddin       * date : 10/22/2017       * time : 8:54 am       * /          \magento\framework\component\componentregistrar::register (          \magento\framework\component\componentregistrar::module ,          ' connextar_cxmagemods ' ,          _ _ dir _ _      ) ;  code directory stucture is \app\code\connextar\cxmagemods\","clarq_28","can you share your code ?","{}","","",""
"32TMVRKDGN89F9BJCXSZCRTYHS784P","3MRHU529460XLAYUZ9Z60JVL7EKA2M","Significance of UNK tokens in model output","Given a post and clarification question, what information needs does the question encode that is not expressed overtly?","question answering, QA, clarification","$0.05","Thu Oct 29 12:28:35 PDT 2020","1","BatchId:298377;OriginalHitTemplateId:920937243;","3600","259200","Wed Nov 18 11:28:35 PST 2020","","","3GD6L00D3T79VJEY9IOI8VI6Q281MW","A114SLF6QMZ0O7","Submitted","Thu Oct 29 12:31:08 PDT 2020","Thu Oct 29 12:31:12 PDT 2020","Sun Nov 01 11:31:12 PST 2020","","","","4","0% (0/0)","0% (0/0)","0% (0/0)","post_29","i 'm trying to access the customers grid ( customers->all customers ) on backend and always get an error .  i 've already uninstalled all the extensions that i 've installed , cleared the cache and reindex the db , but everything remains the same .  below is the error  "" class magento\\customer\\controller\\adminhtml\\index\\index\\interceptor does not exist ""  regards","clarq_29","did you try ` &ltunk&gt ` ?","{}","0","",""
"3OWZNK3RYLZXAS39BMAGF4EPU532U3","3MRHU529460XLAYUZ9Z60JVL7EKA2M","Significance of UNK tokens in model output","Given a post and clarification question, what information needs does the question encode that is not expressed overtly?","question answering, QA, clarification","$0.05","Thu Oct 29 12:28:49 PDT 2020","1","BatchId:298377;OriginalHitTemplateId:920937243;","3600","259200","Wed Nov 18 11:28:49 PST 2020","","","3JMSRU9HQJ4R572JZYKO2BKD64NVEP","A114SLF6QMZ0O7","Submitted","Thu Oct 29 12:34:03 PDT 2020","Thu Oct 29 12:35:10 PDT 2020","Sun Nov 01 11:35:10 PST 2020","","","","67","0% (0/0)","0% (0/0)","0% (0/0)","post_30","i have a custom function that is triggered with event * * sales_order_place_after * * , i need to retrieve the shipping address in this function .  i tried ` $ observer->getcustomeraddress ( ) ` , but it did n't work . how could i get the shipping address ?","clarq_30","what do you mean by ` &ltunk&gt ` ?","{}","","4",""
"3XQ4XW3OD9MHVFB5MHFG03W198I2SN","3MRHU529460XLAYUZ9Z60JVL7EKA2M","Significance of UNK tokens in model output","Given a post and clarification question, what information needs does the question encode that is not expressed overtly?","question answering, QA, clarification","$0.05","Thu Oct 29 12:28:47 PDT 2020","1","BatchId:298377;OriginalHitTemplateId:920937243;","3600","259200","Wed Nov 18 11:28:47 PST 2020","","","33JKGHPFYD4C9QLNE5MG52V9T3CNMP","A114SLF6QMZ0O7","Submitted","Thu Oct 29 12:29:57 PDT 2020","Thu Oct 29 12:30:48 PDT 2020","Sun Nov 01 11:30:48 PST 2020","","","","51","0% (0/0)","0% (0/0)","0% (0/0)","post_31","hi this code is working perfect without magento .                          $ ( ' # side').flipbook ( {              pdf : ' sample.pdf ' ,             } ) ;        i added to flipbook.js to   view / frontend / templates / web / js  and added to layout        phtml                         require(['jquery ' ] , function($ ) {                          $ ( ' # side').flipbook ( {              pdf : ' sample.pdf ' ,             } ) ;                  } ) ;            can u explain why its not working ?  and how can i fix it ?","clarq_31","did you try ` &ltunk&gt ` ?","{}","0","",""
"3MNJFORX8BE0Q7P6YGHFRBGY4SF5F8","3MRHU529460XLAYUZ9Z60JVL7EKA2M","Significance of UNK tokens in model output","Given a post and clarification question, what information needs does the question encode that is not expressed overtly?","question answering, QA, clarification","$0.05","Thu Oct 29 12:28:49 PDT 2020","1","BatchId:298377;OriginalHitTemplateId:920937243;","3600","259200","Wed Nov 18 11:28:49 PST 2020","","","32N49TQG3HSOFUL7JTI26SUMLPPVAU","A114SLF6QMZ0O7","Submitted","Thu Oct 29 12:31:14 PDT 2020","Thu Oct 29 12:31:16 PDT 2020","Sun Nov 01 11:31:16 PST 2020","","","","2","0% (0/0)","0% (0/0)","0% (0/0)","post_32","magento search filter not working at all , although filters on product by category   works fine .  magento ver . 1.9.0.1  on the search page  search filters are not working .  sort by is not working  show 6 product not working ( it shows more then 6 product )  please help https://carvakasextoys.co.uk/catalogsearch/result/?q=games","clarq_32","what do you want to achieve ?","{}","","",""
"3J9UN9O9J32H02P1K02OPECZGRL0JL","3MRHU529460XLAYUZ9Z60JVL7EKA2M","Significance of UNK tokens in model output","Given a post and clarification question, what information needs does the question encode that is not expressed overtly?","question answering, QA, clarification","$0.05","Thu Oct 29 12:28:40 PDT 2020","1","BatchId:298377;OriginalHitTemplateId:920937243;","3600","259200","Wed Nov 18 11:28:40 PST 2020","","","3SEPORI8WO95OEQHKQ75RY7I90VZAY","A114SLF6QMZ0O7","Submitted","Thu Oct 29 12:33:24 PDT 2020","Thu Oct 29 12:33:34 PDT 2020","Sun Nov 01 11:33:34 PST 2020","","","","10","0% (0/0)","0% (0/0)","0% (0/0)","post_33","hello this is phtml file      getapikey ( ) ;      echo $ url ;  from above code i am getting this url  if hit that url in   browsers other tab it will display json data i.e https://maps.google.com/maps/api/geocode/json?address=manhattan&key=aizasybr3mn7y42_ihmtce_5zejk_usgcfxifgk  i have fetch that data in php variable mainly longitude and latitude any suggestion  thanks","clarq_33","what do you mean by ` &ltunk&gt ` ?","{}","","4",""
"3JUDR1D0D615IZWSUDQB53H0RKX2QY","3MRHU529460XLAYUZ9Z60JVL7EKA2M","Significance of UNK tokens in model output","Given a post and clarification question, what information needs does the question encode that is not expressed overtly?","question answering, QA, clarification","$0.05","Thu Oct 29 12:28:40 PDT 2020","1","BatchId:298377;OriginalHitTemplateId:920937243;","3600","259200","Wed Nov 18 11:28:40 PST 2020","","","37QW5D2ZRHWU4EBOS0TJZE4KWXVS8I","A114SLF6QMZ0O7","Submitted","Thu Oct 29 12:30:52 PDT 2020","Thu Oct 29 12:30:56 PDT 2020","Sun Nov 01 11:30:56 PST 2020","","","","4","0% (0/0)","0% (0/0)","0% (0/0)","post_34","after successful installation when i run the admin url it 's giving me this . i 'm not sure what 's happening . so if anyone have any solution for this it will be great help .   [ ! [ image][1]][1 ]    [ 1 ] : https://i.stack.imgur.com/aussk.png","clarq_34","what do you mean by ` &ltunk&gt ` ?","{}","","4",""
"3XEDXEGFX3YCBMVJ2L20QTCCVGL0KK","3MRHU529460XLAYUZ9Z60JVL7EKA2M","Significance of UNK tokens in model output","Given a post and clarification question, what information needs does the question encode that is not expressed overtly?","question answering, QA, clarification","$0.05","Thu Oct 29 12:28:40 PDT 2020","1","BatchId:298377;OriginalHitTemplateId:920937243;","3600","259200","Wed Nov 18 11:28:40 PST 2020","","","3OVHNO1VE7B3MLTT40Y7HZFOU3SZD0","A114SLF6QMZ0O7","Submitted","Thu Oct 29 12:35:21 PDT 2020","Thu Oct 29 12:35:30 PDT 2020","Sun Nov 01 11:35:30 PST 2020","","","","9","0% (0/0)","0% (0/0)","0% (0/0)","post_35","! [ enter image description here][1 ]    [ 1 ] : http://i.stack.imgur.com/r5w3i.png  we moved the site from one domain to another domain .  but after moving , admin panel is not moving properly .  we changed the doamin name in core _ config_data  please give me some solution","clarq_35","what do you mean by "" &ltunk&gt "" ?","{}","","4",""
"3UOMW19E6DGTNV5W7EREJ5VV7FN5CX","3MRHU529460XLAYUZ9Z60JVL7EKA2M","Significance of UNK tokens in model output","Given a post and clarification question, what information needs does the question encode that is not expressed overtly?","question answering, QA, clarification","$0.05","Thu Oct 29 12:28:40 PDT 2020","1","BatchId:298377;OriginalHitTemplateId:920937243;","3600","259200","Wed Nov 18 11:28:40 PST 2020","","","37Q970SNZFICTER3TFK4K4HCIRQ1S8","A114SLF6QMZ0O7","Submitted","Thu Oct 29 12:36:13 PDT 2020","Thu Oct 29 12:36:18 PDT 2020","Sun Nov 01 11:36:18 PST 2020","","","","5","0% (0/0)","0% (0/0)","0% (0/0)","post_36","i have deployed magento2 , phpmyadmin and xampp on a dedicated localhost server running windows 10 . everything is working fine and i have uploaded my entire catalogue etc .  i want to give other members of my team access to magento 2 so they can familiarise themselves with it before i deploy to a production environment .  what is the process i need to go through to give them access once i have edited their permissions ? any help would be much appreciated .","clarq_36","what do you mean by "" &ltunk&gt "" ?","{}","","4",""
"3T6EIBTM9LY20MKFIWM4LLLTZQ3AA6","3MRHU529460XLAYUZ9Z60JVL7EKA2M","Significance of UNK tokens in model output","Given a post and clarification question, what information needs does the question encode that is not expressed overtly?","question answering, QA, clarification","$0.05","Thu Oct 29 12:28:40 PDT 2020","1","BatchId:298377;OriginalHitTemplateId:920937243;","3600","259200","Wed Nov 18 11:28:40 PST 2020","","","3X1FV8S5JY1PPLYA5TAC2E5PJK2VG6","A114SLF6QMZ0O7","Submitted","Thu Oct 29 12:35:19 PDT 2020","Thu Oct 29 12:35:21 PDT 2020","Sun Nov 01 11:35:21 PST 2020","","","","2","0% (0/0)","0% (0/0)","0% (0/0)","post_37","i developed a simple admin panel for my magento theme ( i 'm back in magento ) and wanted to know how i can add a class html via descent in magento admin . e ' can add it through array ? if so , how can i do ?","clarq_37","do you want to do this ? what do you want to achieve ?","{}","","",""
"302OLP89DZHQT1HD2AIVRGBHZTOAC8","3MRHU529460XLAYUZ9Z60JVL7EKA2M","Significance of UNK tokens in model output","Given a post and clarification question, what information needs does the question encode that is not expressed overtly?","question answering, QA, clarification","$0.05","Thu Oct 29 12:28:49 PDT 2020","1","BatchId:298377;OriginalHitTemplateId:920937243;","3600","259200","Wed Nov 18 11:28:49 PST 2020","","","3LWJHTCVCDWR6D6Y8AAKE6651DNQF8","A114SLF6QMZ0O7","Submitted","Thu Oct 29 12:36:06 PDT 2020","Thu Oct 29 12:36:08 PDT 2020","Sun Nov 01 11:36:08 PST 2020","","","","2","0% (0/0)","0% (0/0)","0% (0/0)","post_38","i 'm working on grouped products price now total price is calculated as  * * total price = product(a ) price x product(a ) quantity + product(b ) price x product ( ) quantity * *   i want some change in that calculation like this  * * total price = product(a ) price x product(a ) quantity x product(a ) carton + product(b ) price x product(b ) quantity x product(b ) carton * *   anyone can tell me where is code or how to do it","clarq_38","can you add the code of your code ?","{}","","",""
"3V8JSVE8YY06MHZUE726KQTRNW3YEY","3MRHU529460XLAYUZ9Z60JVL7EKA2M","Significance of UNK tokens in model output","Given a post and clarification question, what information needs does the question encode that is not expressed overtly?","question answering, QA, clarification","$0.05","Thu Oct 29 12:28:40 PDT 2020","1","BatchId:298377;OriginalHitTemplateId:920937243;","3600","259200","Wed Nov 18 11:28:40 PST 2020","","","3Z3ZLGNNSJ4WQ1Q5OF9IDXH8YNIQ3Z","A114SLF6QMZ0O7","Submitted","Thu Oct 29 12:29:25 PDT 2020","Thu Oct 29 12:29:29 PDT 2020","Sun Nov 01 11:29:29 PST 2020","","","","4","0% (0/0)","0% (0/0)","0% (0/0)","post_39","i am trying to update price of product on product page . so i am updating the span of price by getting ` product price + my additional ` price but problem is when we use custom option . is there any ` event or plugin ` available using which can add our price at final even after custom option .  thank you ,","clarq_39","do you want to create a custom file ?","{}","","",""
"3UL5XDRDNCTRBSFJQ2B9HJZCHO285U","3MRHU529460XLAYUZ9Z60JVL7EKA2M","Significance of UNK tokens in model output","Given a post and clarification question, what information needs does the question encode that is not expressed overtly?","question answering, QA, clarification","$0.05","Thu Oct 29 12:28:40 PDT 2020","1","BatchId:298377;OriginalHitTemplateId:920937243;","3600","259200","Wed Nov 18 11:28:40 PST 2020","","","32UTUBMZ7H6TY4QZP7IY13ES37AVBP","A114SLF6QMZ0O7","Submitted","Thu Oct 29 12:32:54 PDT 2020","Thu Oct 29 12:32:57 PDT 2020","Sun Nov 01 11:32:57 PST 2020","","","","3","0% (0/0)","0% (0/0)","0% (0/0)","post_40","there is a ` quantity box ` in each magento product page . i want to hide this quantity selector from out of stock product pages .  how should i do thad ?","clarq_40","do you want to do this ?","{}","","",""
"3M47JKRKCXBNUWFXVLLE9PDCDJD86A","3MRHU529460XLAYUZ9Z60JVL7EKA2M","Significance of UNK tokens in model output","Given a post and clarification question, what information needs does the question encode that is not expressed overtly?","question answering, QA, clarification","$0.05","Thu Oct 29 12:28:40 PDT 2020","1","BatchId:298377;OriginalHitTemplateId:920937243;","3600","259200","Wed Nov 18 11:28:40 PST 2020","","","3GS6S824SR78E2F1I7S3E0X0R5QWNP","A114SLF6QMZ0O7","Submitted","Thu Oct 29 12:35:14 PDT 2020","Thu Oct 29 12:35:16 PDT 2020","Sun Nov 01 11:35:16 PST 2020","","","","2","0% (0/0)","0% (0/0)","0% (0/0)","post_41","i have magrate magento 2 website from subdomain to root . after migration user ca nt logged into the account but admin is working fine .  if user clear the cache and try to login , login works fine but when the cookies expire it wo nt work .  everything look perfect but do nt know what can be the issue .","clarq_41","did you try ` sudo apt - get install ` ?","{}","","",""
"3VCK0Q0PO5ODJSGMZYUGILTGPBQ0NP","3MRHU529460XLAYUZ9Z60JVL7EKA2M","Significance of UNK tokens in model output","Given a post and clarification question, what information needs does the question encode that is not expressed overtly?","question answering, QA, clarification","$0.05","Thu Oct 29 12:28:49 PDT 2020","1","BatchId:298377;OriginalHitTemplateId:920937243;","3600","259200","Wed Nov 18 11:28:49 PST 2020","","","3TXWC2NHN00UIJUYXSZXZAZVG3DS97","A114SLF6QMZ0O7","Submitted","Thu Oct 29 12:31:34 PDT 2020","Thu Oct 29 12:31:48 PDT 2020","Sun Nov 01 11:31:48 PST 2020","","","","14","0% (0/0)","0% (0/0)","0% (0/0)","post_42","in magento 2 , how to add a custom customer attributes in   checkout register page ?","clarq_42","do you want to do this ?","{}","","",""
"3PN6H8C9R400YTNR26D6BMTZKT0AD8","3MRHU529460XLAYUZ9Z60JVL7EKA2M","Significance of UNK tokens in model output","Given a post and clarification question, what information needs does the question encode that is not expressed overtly?","question answering, QA, clarification","$0.05","Thu Oct 29 12:28:49 PDT 2020","1","BatchId:298377;OriginalHitTemplateId:920937243;","3600","259200","Wed Nov 18 11:28:49 PST 2020","","","3R8YZBNQ9ISERKRSQRC8QETO3P4Q74","A114SLF6QMZ0O7","Submitted","Thu Oct 29 12:31:49 PDT 2020","Thu Oct 29 12:32:54 PDT 2020","Sun Nov 01 11:32:54 PST 2020","","","","65","0% (0/0)","0% (0/0)","0% (0/0)","post_43","can anyone suggest me how to get the attribute value for products in magento , and where to use the coding in backend . i 'm totally new to this concept . please post the exact codings .      $ attribute= mage::getresourcemodel('catalog / product')->getattributerawvalue($product_id , ' attribute_code ' , $ storeid ) ;  these is the coding which i tried . instead of $ product_id i gave the number for the particular product i d . how to check , where it is working","clarq_43","what do you mean by ` &ltunk&gt ` ?","{}","","4",""
"3XU9MCX6VOM5U0BS7SFBATR5N6Z2RZ","3MRHU529460XLAYUZ9Z60JVL7EKA2M","Significance of UNK tokens in model output","Given a post and clarification question, what information needs does the question encode that is not expressed overtly?","question answering, QA, clarification","$0.05","Thu Oct 29 12:28:44 PDT 2020","1","BatchId:298377;OriginalHitTemplateId:920937243;","3600","259200","Wed Nov 18 11:28:44 PST 2020","","","3TUI152ZZCX0GYCQ1BVZP42B0351QJ","A114SLF6QMZ0O7","Submitted","Thu Oct 29 12:35:36 PDT 2020","Thu Oct 29 12:35:42 PDT 2020","Sun Nov 01 11:35:42 PST 2020","","","","6","0% (0/0)","0% (0/0)","0% (0/0)","post_44","after successful installation when i run the admin url it 's giving me this . i 'm not sure what 's happening . so if anyone have any solution for this it will be great help .   [ ! [ image][1]][1 ]    [ 1 ] : https://i.stack.imgur.com/aussk.png","clarq_44","what do you mean by ` &ltunk&gt ` ?","{}","","4",""
"3TD33TP5DLC7JWP7OAM0GW5ZH8OAB1","3MRHU529460XLAYUZ9Z60JVL7EKA2M","Significance of UNK tokens in model output","Given a post and clarification question, what information needs does the question encode that is not expressed overtly?","question answering, QA, clarification","$0.05","Thu Oct 29 12:28:44 PDT 2020","1","BatchId:298377;OriginalHitTemplateId:920937243;","3600","259200","Wed Nov 18 11:28:44 PST 2020","","","3ND9UOO81LCIQ2CG6UCO18TBMAQWLN","A114SLF6QMZ0O7","Submitted","Thu Oct 29 12:33:22 PDT 2020","Thu Oct 29 12:33:24 PDT 2020","Sun Nov 01 11:33:24 PST 2020","","","","2","0% (0/0)","0% (0/0)","0% (0/0)","post_45","i am using this data - migration - tool ,  when i migrate from magento 1.9.3.2 to magento 2.3,getting below error ,  sqlstate[23000 ] : integrity constraint violation : 1062 duplicate entry ' 1 ' for key ' sales_order_increment_id_store_id '  i tried many times upload fresh db , still getting this issue","clarq_45","can you share your code ?","{}","","",""
"3J94SKDEKIZ3SNBA7AMP3BDDSFZ5DX","3MRHU529460XLAYUZ9Z60JVL7EKA2M","Significance of UNK tokens in model output","Given a post and clarification question, what information needs does the question encode that is not expressed overtly?","question answering, QA, clarification","$0.05","Thu Oct 29 12:28:44 PDT 2020","1","BatchId:298377;OriginalHitTemplateId:920937243;","3600","259200","Wed Nov 18 11:28:44 PST 2020","","","3ZAZR5XV02STHTNF443WXTX693GZC0","A114SLF6QMZ0O7","Submitted","Thu Oct 29 12:35:17 PDT 2020","Thu Oct 29 12:35:18 PDT 2020","Sun Nov 01 11:35:18 PST 2020","","","","1","0% (0/0)","0% (0/0)","0% (0/0)","post_46","i tried using instafeed.js from http://instafeedjs.com/ to show an instagram feed using a particular hashtag right before the footer on my homepage .  i added the file instafeed.min.js to my default / theme / js  i created a static block called instafeed with the content                var feed = new instafeed ( {              get : ' tagged ' ,              tagname : ' awesome ' ,              clientid : ' my client id '          } ) ;          feed.run ( ) ;        then to the homepage layout xml i added             instafeed        is this the correct way to integrate ?","clarq_46","can you post your code ?","{}","","",""
"34R0BODSP198KTPA35X99TVYSR05EQ","3MRHU529460XLAYUZ9Z60JVL7EKA2M","Significance of UNK tokens in model output","Given a post and clarification question, what information needs does the question encode that is not expressed overtly?","question answering, QA, clarification","$0.05","Thu Oct 29 12:28:44 PDT 2020","1","BatchId:298377;OriginalHitTemplateId:920937243;","3600","259200","Wed Nov 18 11:28:44 PST 2020","","","3II4UPYCOKHU8TS2H4FUQ63KP07QDX","A114SLF6QMZ0O7","Submitted","Thu Oct 29 12:35:57 PDT 2020","Thu Oct 29 12:36:01 PDT 2020","Sun Nov 01 11:36:01 PST 2020","","","","4","0% (0/0)","0% (0/0)","0% (0/0)","post_47","i have problem with adding block inside another block ..  my code :                                                                 then when i call ` $ this->getchildhtml ( ) ; ` in login.phtml i do not see this view .  any help ?","clarq_47","what do you mean by ` &ltunk&gt ` ?","{}","","4",""
"32XN26MTXZTNVSD1NLE15TPRKGQ0LN","3MRHU529460XLAYUZ9Z60JVL7EKA2M","Significance of UNK tokens in model output","Given a post and clarification question, what information needs does the question encode that is not expressed overtly?","question answering, QA, clarification","$0.05","Thu Oct 29 12:28:44 PDT 2020","1","BatchId:298377;OriginalHitTemplateId:920937243;","3600","259200","Wed Nov 18 11:28:44 PST 2020","","","3IGI0VL648U09T6ZRL1TX6KEO3RNO4","A114SLF6QMZ0O7","Submitted","Thu Oct 29 12:30:56 PDT 2020","Thu Oct 29 12:30:58 PDT 2020","Sun Nov 01 11:30:58 PST 2020","","","","2","0% (0/0)","0% (0/0)","0% (0/0)","post_48","i have magento 1.9.3.8 and i want to set a different shipping price for each state / province i tried to configure it from dashboard but i could n't ,   any solution for this ?","clarq_48","do you want to do this ?","{}","","",""
"3D42WVSDH85YSVZQ9IMC28ERZXIYFG","3MRHU529460XLAYUZ9Z60JVL7EKA2M","Significance of UNK tokens in model output","Given a post and clarification question, what information needs does the question encode that is not expressed overtly?","question answering, QA, clarification","$0.05","Thu Oct 29 12:28:44 PDT 2020","1","BatchId:298377;OriginalHitTemplateId:920937243;","3600","259200","Wed Nov 18 11:28:44 PST 2020","","","3HWRJOOET6CBDFLF53FJRO0670TSEH","A114SLF6QMZ0O7","Submitted","Thu Oct 29 12:36:09 PDT 2020","Thu Oct 29 12:36:10 PDT 2020","Sun Nov 01 11:36:10 PST 2020","","","","1","0% (0/0)","0% (0/0)","0% (0/0)","post_49","i am trying to override the content on /requisition_list / requisition / index/ in the account pages . i have created the following structure in my theme :  magento_requisitionlist    frontend      templates        requisition          actions            create.phtml  but the changes are not visible on the front end . i have verified the template using by enabling theme hints , tried running setup : di : compile , flushed the cache , cleaned the cache , verified file permissions , etc . without no luck .  how can override content on this page ?","clarq_49","can you share your code ?","{}","","",""